strMID,SumOfItem,Batch,Adjmnt,Dep,FirstOfBatchDate
"610100001633    ",9.0000000000000000e+01,3989.2400,-398.9200,3590.3200,"02/28/17 00:00:00"
"610100000910    ",1.0000000000000000e+00,3.0000,0.0000,3.0000,"02/28/17 00:00:00"
"610100001599    ",2.0000000000000000e+00,25.5000,0.0000,25.5000,"02/28/17 00:00:00"
"610100001624    ",7.0000000000000000e+00,530.0000,0.0000,530.0000,"02/28/17 00:00:00"
"610100000983    ",2.0000000000000000e+00,250.0000,0.0000,250.0000,"02/28/17 00:00:00"
"610100000974    ",4.0000000000000000e+00,104.5000,0.0000,104.5000,"02/28/17 00:00:00"
"610100000965    ",8.0000000000000000e+00,205.0000,0.0000,205.0000,"02/28/17 00:00:00"
"610100000876    ",1.0000000000000000e+00,91.2000,0.0000,91.2000,"02/28/17 00:00:00"
"610100001517    ",1.0000000000000000e+00,48.2500,0.0000,48.2500,"02/28/17 00:00:00"
"610100002115    ",1.0000000000000000e+00,1100.0000,0.0000,1100.0000,"02/28/17 00:00:00"
"610100001697    ",9.4000000000000000e+01,8920.0900,0.0000,8920.0900,"02/28/17 00:00:00"
"610100000867    ",1.0000000000000000e+00,150.0000,0.0000,150.0000,"02/28/17 00:00:00"
"610100000858    ",5.0000000000000000e+00,483.0000,0.0000,483.0000,"02/28/17 00:00:00"
"610100000796    ",4.0000000000000000e+00,105.0000,0.0000,105.0000,"02/28/17 00:00:00"
"610100001642    ",2.0000000000000000e+00,71.5000,0.0000,71.5000,"02/28/17 00:00:00"
"610100000821    ",5.0000000000000000e+00,299.8000,0.0000,299.8000,"02/28/17 00:00:00"
"610100002302    ",5.0000000000000000e+00,176.9600,0.0000,176.9600,"02/28/17 00:00:00"
"610100002213    ",2.0000000000000000e+00,4049.9800,0.0000,4049.9800,"02/28/17 00:00:00"
"610100001394    ",9.8000000000000000e+01,3084.9400,-308.4900,2776.4500,"02/28/17 00:00:00"
"610100001330    ",1.0000000000000000e+00,150.0000,0.0000,150.0000,"02/28/17 00:00:00"
"610100001456    ",2.0000000000000000e+00,540.0000,0.0000,540.0000,"02/28/17 00:00:00"
"610100001401    ",2.0000000000000000e+00,126.0000,0.0000,126.0000,"02/28/17 00:00:00"
"610100001161    ",2.0000000000000000e+00,10.9500,0.0000,10.9500,"02/28/17 00:00:00"
"610100001580    ",6.0000000000000000e+00,-81.0000,0.0000,-81.0000,"02/28/17 00:00:00"
"610100001214    ",4.0000000000000000e+00,60.0000,0.0000,60.0000,"02/28/17 00:00:00"
"610100001269    ",7.0000000000000000e+00,431.6000,0.0000,431.6000,"02/28/17 00:00:00"
"610100001232    ",1.0000000000000000e+00,300.0000,0.0000,300.0000,"02/28/17 00:00:00"
"610100001189    ",1.9000000000000000e+01,2701.7500,0.0000,2701.7500,"02/28/17 00:00:00"
"610100001562    ",1.0000000000000000e+00,9.5000,0.0000,9.5000,"02/28/17 00:00:00"
"610100001198    ",3.0000000000000000e+00,9714.9000,0.0000,9714.9000,"02/28/17 00:00:00"
"610100002259    ",5.0000000000000000e+00,234.5000,0.0000,234.5000,"02/28/17 00:00:00"
"610100000028    ",2.0000000000000000e+00,957.5800,0.0000,957.5800,"02/28/17 00:00:00"
"610100001937    ",4.0000000000000000e+00,169.9200,-16.9900,152.9300,"02/28/17 00:00:00"
"610100000288    ",2.0000000000000000e+00,206.5000,0.0000,206.5000,"02/28/17 00:00:00"
"610100000322    ",3.0000000000000000e+00,140.6500,0.0000,140.6500,"02/28/17 00:00:00"
"610100000331    ",1.0000000000000000e+01,290.6900,0.0000,290.6900,"02/28/17 00:00:00"
"610100001786    ",1.0000000000000000e+00,56.0000,0.0000,56.0000,"02/28/17 00:00:00"
"610100000199    ",3.0000000000000000e+00,782.0000,0.0000,782.0000,"02/28/17 00:00:00"
"610100001946    ",4.0000000000000000e+00,644.7000,0.0000,644.7000,"02/28/17 00:00:00"
"610100000224    ",1.0000000000000000e+00,14.0000,0.0000,14.0000,"02/28/17 00:00:00"
"610100001866    ",1.0000000000000000e+01,339.5000,0.0000,339.5000,"02/28/17 00:00:00"
"610100000180    ",4.0000000000000000e+00,188.0000,0.0000,188.0000,"02/28/17 00:00:00"
"610100001955    ",2.9000000000000000e+01,-441.0300,0.0000,-441.0300,"02/28/17 00:00:00"
"610100000126    ",1.0000000000000000e+00,102.0400,0.0000,102.0400,"02/28/17 00:00:00"
"610100001839    ",1.0000000000000000e+00,1576.6000,0.0000,1576.6000,"02/28/17 00:00:00"
"610100000279    ",3.3000000000000000e+01,279.7500,0.0000,279.7500,"02/28/17 00:00:00"
"610100000536    ",5.0000000000000000e+00,57.3500,0.0000,57.3500,"02/28/17 00:00:00"
"610100000493    ",6.0000000000000000e+00,769.0800,0.0000,769.0800,"02/28/17 00:00:00"
"610100001704    ",1.0000000000000000e+00,11.0000,0.0000,11.0000,"02/28/17 00:00:00"
"610100001893    ",1.0000000000000000e+00,92.0000,0.0000,92.0000,"02/28/17 00:00:00"
"610100000545    ",1.3000000000000000e+01,184.3500,0.0000,184.3500,"02/28/17 00:00:00"
"610100002026    ",1.0000000000000000e+00,62.0000,0.0000,62.0000,"02/28/17 00:00:00"
"610100000448    ",1.0000000000000000e+00,415.8900,0.0000,415.8900,"02/28/17 00:00:00"
"610100001919    ",4.0000000000000000e+00,3400.0000,0.0000,3400.0000,"02/28/17 00:00:00"
"610100001759    ",4.0000000000000000e+00,31.9400,0.0000,31.9400,"02/28/17 00:00:00"
"610100002017    ",8.0000000000000000e+00,287.2500,0.0000,287.2500,"02/28/17 00:00:00"
"610100000340    ",7.0000000000000000e+00,170.2500,0.0000,170.2500,"02/28/17 00:00:00"
"610100000359    ",6.0000000000000000e+00,54.0000,0.0000,54.0000,"02/28/17 00:00:00"
"610100001740    ",2.0000000000000000e+00,284.0700,0.0000,284.0700,"02/28/17 00:00:00"
"610100001893    ",1.0000000000000000e+00,43.0000,0.0000,43.0000,"03/01/17 00:00:00"
"610100001544    ",6.0000000000000000e+00,49.5000,0.0000,49.5000,"03/01/17 00:00:00"
"610100001875    ",2.1000000000000000e+01,1499.9100,0.0000,1499.9100,"03/01/17 00:00:00"
"610100001759    ",8.0000000000000000e+00,79.3700,0.0000,79.3700,"03/01/17 00:00:00"
"610100001633    ",1.1980000000000000e+03,64798.8400,-6479.8800,58318.9600,"03/01/17 00:00:00"
"610100001740    ",2.0000000000000000e+00,246.7000,0.0000,246.7000,"03/01/17 00:00:00"
"610100001580    ",1.0000000000000000e+00,21.9900,-2.2000,19.7900,"03/01/17 00:00:00"
"610100001642    ",1.0000000000000000e+00,2.0000,0.0000,2.0000,"03/01/17 00:00:00"
"610100001704    ",8.0000000000000000e+00,6581.0000,0.0000,6581.0000,"03/01/17 00:00:00"
"610100001651    ",9.0000000000000000e+00,112.7500,0.0000,112.7500,"03/01/17 00:00:00"
"610100001697    ",1.0900000000000000e+02,13045.3500,0.0000,13045.3500,"03/01/17 00:00:00"
"610100001562    ",1.4000000000000000e+01,319.0000,0.0000,319.0000,"03/01/17 00:00:00"
"610100001624    ",7.0000000000000000e+00,568.0000,0.0000,568.0000,"03/01/17 00:00:00"
"610100001795    ",1.5000000000000000e+01,511.1000,0.0000,511.1000,"03/01/17 00:00:00"
"610100001599    ",3.0000000000000000e+00,34.0000,0.0000,34.0000,"03/01/17 00:00:00"
"610100001553    ",3.0000000000000000e+00,84.7500,0.0000,84.7500,"03/01/17 00:00:00"
"610100000368    ",1.0000000000000000e+01,172.9000,0.0000,172.9000,"03/01/17 00:00:00"
"610100000714    ",1.0000000000000000e+00,500.0000,0.0000,500.0000,"03/01/17 00:00:00"
"610100000340    ",6.0000000000000000e+00,173.4500,0.0000,173.4500,"03/01/17 00:00:00"
"610100000331    ",1.3000000000000000e+01,428.7600,0.0000,428.7600,"03/01/17 00:00:00"
"610100000359    ",5.0000000000000000e+00,51.0000,0.0000,51.0000,"03/01/17 00:00:00"
"610100000536    ",4.0000000000000000e+00,76.0500,0.0000,76.0500,"03/01/17 00:00:00"
"610100000705    ",1.0000000000000000e+00,1950.0000,0.0000,1950.0000,"03/01/17 00:00:00"
"610100000670    ",1.0000000000000000e+00,2200.0000,0.0000,2200.0000,"03/01/17 00:00:00"
"610100000643    ",1.0000000000000000e+00,2385.0000,0.0000,2385.0000,"03/01/17 00:00:00"
"610100000545    ",7.0000000000000000e+00,105.5000,0.0000,105.5000,"03/01/17 00:00:00"
"610100000448    ",6.9000000000000000e+01,5454.7600,0.0000,5454.7600,"03/01/17 00:00:00"
"610100000527    ",1.0000000000000000e+00,2403.9300,0.0000,2403.9300,"03/01/17 00:00:00"
"610100000493    ",2.0000000000000000e+00,1025.4800,0.0000,1025.4800,"03/01/17 00:00:00"
"610100000180    ",2.0000000000000000e+00,45.0000,0.0000,45.0000,"03/01/17 00:00:00"
"610100000126    ",4.0000000000000000e+00,139.7600,0.0000,139.7600,"03/01/17 00:00:00"
"610100000073    ",1.0000000000000000e+00,400.0000,0.0000,400.0000,"03/01/17 00:00:00"
"610100000028    ",3.0000000000000000e+00,3126.4400,0.0000,3126.4400,"03/01/17 00:00:00"
"610100000313    ",1.0000000000000000e+00,18.0000,0.0000,18.0000,"03/01/17 00:00:00"
"610100000322    ",5.0000000000000000e+00,206.9000,0.0000,206.9000,"03/01/17 00:00:00"
"610100000242    ",1.0000000000000000e+00,148.0200,0.0000,148.0200,"03/01/17 00:00:00"
"610100000224    ",1.0000000000000000e+01,824.4500,0.0000,824.4500,"03/01/17 00:00:00"
"610100000199    ",4.0000000000000000e+00,487.0000,0.0000,487.0000,"03/01/17 00:00:00"
"610100000279    ",1.6000000000000000e+01,84.7500,0.0000,84.7500,"03/01/17 00:00:00"
"610100001232    ",1.0000000000000000e+00,194.4400,0.0000,194.4400,"03/01/17 00:00:00"
"610100001214    ",6.0000000000000000e+00,638.5000,0.0000,638.5000,"03/01/17 00:00:00"
"610100001198    ",1.0000000000000000e+00,128.7500,0.0000,128.7500,"03/01/17 00:00:00"
"610100001189    ",1.4000000000000000e+01,1034.8500,0.0000,1034.8500,"03/01/17 00:00:00"
"610100001170    ",1.5000000000000000e+01,480.5000,0.0000,480.5000,"03/01/17 00:00:00"
"610100001161    ",1.0000000000000000e+00,11.4200,0.0000,11.4200,"03/01/17 00:00:00"
"610100001107    ",1.0000000000000000e+00,371.8000,0.0000,371.8000,"03/01/17 00:00:00"
"610100001456    ",6.0000000000000000e+00,864.7800,0.0000,864.7800,"03/01/17 00:00:00"
"610100001401    ",1.3000000000000000e+01,1258.7900,0.0000,1258.7900,"03/01/17 00:00:00"
"610100001250    ",1.0000000000000000e+00,24.0000,0.0000,24.0000,"03/01/17 00:00:00"
"610100001269    ",1.0000000000000000e+00,64.1900,0.0000,64.1900,"03/01/17 00:00:00"
"610100001394    ",2.3940000000000000e+03,79337.5900,-7933.7700,71403.8200,"03/01/17 00:00:00"
"610100001376    ",8.0000000000000000e+00,211.0000,0.0000,211.0000,"03/01/17 00:00:00"
"610100001036    ",2.0000000000000000e+00,1129.2600,0.0000,1129.2600,"03/01/17 00:00:00"
"610100001045    ",3.0000000000000000e+00,155.2500,0.0000,155.2500,"03/01/17 00:00:00"
"610100000858    ",8.0000000000000000e+00,452.0000,0.0000,452.0000,"03/01/17 00:00:00"
"610100000910    ",3.0000000000000000e+00,57.9000,0.0000,57.9000,"03/01/17 00:00:00"
"610100000796    ",5.0000000000000000e+00,857.5500,0.0000,857.5500,"03/01/17 00:00:00"
"610100000821    ",2.0000000000000000e+00,65.5300,0.0000,65.5300,"03/01/17 00:00:00"
"610100001517    ",8.0000000000000000e+00,249.5000,0.0000,249.5000,"03/01/17 00:00:00"
"610100000974    ",5.0000000000000000e+00,139.3400,0.0000,139.3400,"03/01/17 00:00:00"
"610100000965    ",6.0000000000000000e+00,121.2500,0.0000,121.2500,"03/01/17 00:00:00"
"610100000947    ",2.0000000000000000e+00,125.0000,0.0000,125.0000,"03/01/17 00:00:00"
"610100000983    ",1.0000000000000000e+00,250.0000,0.0000,250.0000,"03/01/17 00:00:00"
"610100002115    ",2.0000000000000000e+00,510.0000,0.0000,510.0000,"03/01/17 00:00:00"
"610100002026    ",1.0000000000000000e+00,1811.8300,0.0000,1811.8300,"03/01/17 00:00:00"
"610100002053    ",1.0000000000000000e+00,22.0000,0.0000,22.0000,"03/01/17 00:00:00"
"610100002259    ",1.0000000000000000e+00,60.0000,0.0000,60.0000,"03/01/17 00:00:00"
"610100002302    ",5.0000000000000000e+00,116.0700,0.0000,116.0700,"03/01/17 00:00:00"
"610100002213    ",2.0000000000000000e+00,3868.9600,0.0000,3868.9600,"03/01/17 00:00:00"
"610100002222    ",1.2000000000000000e+01,1080.6500,0.0000,1080.6500,"03/01/17 00:00:00"
"610100001937    ",4.0000000000000000e+00,169.9700,-19.9900,149.9800,"03/01/17 00:00:00"
"610100001955    ",1.8000000000000000e+01,285.5800,0.0000,285.5800,"03/01/17 00:00:00"
"610100001946    ",2.0000000000000000e+00,101.8500,0.0000,101.8500,"03/01/17 00:00:00"
"610100002017    ",1.0000000000000000e+01,376.7500,0.0000,376.7500,"03/01/17 00:00:00"
"610100001919    ",5.0000000000000000e+00,4100.0000,0.0000,4100.0000,"03/01/17 00:00:00"
"610100001991    ",1.8000000000000000e+01,514.0200,0.0000,514.0200,"03/01/17 00:00:00"
"610100000769    ",1.0000000000000000e+00,1455.2100,0.0000,1455.2100,"03/02/17 00:00:00"
"610100000858    ",2.0000000000000000e+00,251.0000,0.0000,251.0000,"03/02/17 00:00:00"
"610100000778    ",1.0000000000000000e+00,1588.4000,0.0000,1588.4000,"03/02/17 00:00:00"
"610100000796    ",3.0000000000000000e+00,281.8400,0.0000,281.8400,"03/02/17 00:00:00"
"610100001161    ",1.0000000000000000e+01,55.5400,0.0000,55.5400,"03/02/17 00:00:00"
"610100001170    ",9.0000000000000000e+00,300.5000,0.0000,300.5000,"03/02/17 00:00:00"
"610100000821    ",2.0000000000000000e+00,87.0000,0.0000,87.0000,"03/02/17 00:00:00"
"610100001633    ",8.8000000000000000e+01,3251.9400,-325.1900,2926.7500,"03/02/17 00:00:00"
"610100001009    ",1.0000000000000000e+00,1969.8300,0.0000,1969.8300,"03/02/17 00:00:00"
"610100000867    ",1.0000000000000000e+00,54.0000,0.0000,54.0000,"03/02/17 00:00:00"
"610100000983    ",1.0000000000000000e+00,225.0000,0.0000,225.0000,"03/02/17 00:00:00"
"610100000965    ",1.6000000000000000e+01,449.0000,0.0000,449.0000,"03/02/17 00:00:00"
"610100001081    ",1.0000000000000000e+00,45.0000,0.0000,45.0000,"03/02/17 00:00:00"
"610100001054    ",5.0000000000000000e+00,763.2000,-76.3200,686.8800,"03/02/17 00:00:00"
"610100000956    ",1.0000000000000000e+00,125.0000,0.0000,125.0000,"03/02/17 00:00:00"
"610100000938    ",1.0000000000000000e+00,20.0000,0.0000,20.0000,"03/02/17 00:00:00"
"610100000910    ",1.0000000000000000e+00,60.0000,0.0000,60.0000,"03/02/17 00:00:00"
"610100000279    ",2.3000000000000000e+01,172.5000,0.0000,172.5000,"03/02/17 00:00:00"
"610100000224    ",6.0000000000000000e+00,543.4700,0.0000,543.4700,"03/02/17 00:00:00"
"610100000199    ",6.0000000000000000e+00,1205.4000,0.0000,1205.4000,"03/02/17 00:00:00"
"610100000313    ",2.0000000000000000e+00,32.7500,0.0000,32.7500,"03/02/17 00:00:00"
"610100000288    ",1.0000000000000000e+00,26.0000,0.0000,26.0000,"03/02/17 00:00:00"
"610100000297    ",1.0000000000000000e+00,75.0000,0.0000,75.0000,"03/02/17 00:00:00"
"610100000073    ",1.0000000000000000e+00,75.0000,0.0000,75.0000,"03/02/17 00:00:00"
"610100000028    ",1.0000000000000000e+00,473.8000,0.0000,473.8000,"03/02/17 00:00:00"
"610100000180    ",3.0000000000000000e+00,193.0000,0.0000,193.0000,"03/02/17 00:00:00"
"610100000126    ",2.0000000000000000e+00,82.5400,0.0000,82.5400,"03/02/17 00:00:00"
"610100000545    ",1.0000000000000000e+01,111.1500,0.0000,111.1500,"03/02/17 00:00:00"
"610100000536    ",5.0000000000000000e+00,53.5000,0.0000,53.5000,"03/02/17 00:00:00"
"610100000714    ",2.0000000000000000e+00,1870.0000,0.0000,1870.0000,"03/02/17 00:00:00"
"610100000670    ",1.0000000000000000e+00,1500.0000,0.0000,1500.0000,"03/02/17 00:00:00"
"610100000616    ",1.0000000000000000e+00,895.5000,-44.7800,850.7200,"03/02/17 00:00:00"
"610100000359    ",8.0000000000000000e+00,67.0000,0.0000,67.0000,"03/02/17 00:00:00"
"610100000493    ",4.0000000000000000e+00,349.2400,0.0000,349.2400,"03/02/17 00:00:00"
"610100000331    ",1.5000000000000000e+01,471.8900,0.0000,471.8900,"03/02/17 00:00:00"
"610100000322    ",2.0000000000000000e+00,101.6000,0.0000,101.6000,"03/02/17 00:00:00"
"610100000340    ",5.0000000000000000e+00,167.7500,0.0000,167.7500,"03/02/17 00:00:00"
"610100000386    ",1.0000000000000000e+00,1392.0000,0.0000,1392.0000,"03/02/17 00:00:00"
"610100000368    ",7.0000000000000000e+00,170.1000,0.0000,170.1000,"03/02/17 00:00:00"
"610100002302    ",2.0000000000000000e+00,20.5400,0.0000,20.5400,"03/02/17 00:00:00"
"610100002017    ",1.0000000000000000e+01,339.2500,0.0000,339.2500,"03/02/17 00:00:00"
"610100001713    ",1.0000000000000000e+00,75.0000,0.0000,75.0000,"03/02/17 00:00:00"
"610100001526    ",1.0000000000000000e+00,1399.9500,0.0000,1399.9500,"03/02/17 00:00:00"
"610100001553    ",6.0000000000000000e+00,248.5000,0.0000,248.5000,"03/02/17 00:00:00"
"610100001544    ",2.0000000000000000e+00,36.2500,0.0000,36.2500,"03/02/17 00:00:00"
"610100001704    ",2.0000000000000000e+00,212.0000,0.0000,212.0000,"03/02/17 00:00:00"
"610100001401    ",1.0000000000000000e+00,174.0000,0.0000,174.0000,"03/02/17 00:00:00"
"610100001438    ",2.0000000000000000e+00,36.7500,0.0000,36.7500,"03/02/17 00:00:00"
"610100001517    ",3.0000000000000000e+00,89.7500,0.0000,89.7500,"03/02/17 00:00:00"
"610100001456    ",2.0000000000000000e+00,161.3600,0.0000,161.3600,"03/02/17 00:00:00"
"610100001651    ",1.0000000000000000e+01,172.2500,0.0000,172.2500,"03/02/17 00:00:00"
"610100002026    ",5.0000000000000000e+00,857.3000,0.0000,857.3000,"03/02/17 00:00:00"
"610100002115    ",3.0000000000000000e+00,1180.0000,0.0000,1180.0000,"03/02/17 00:00:00"
"610100001642    ",1.0000000000000000e+00,125.0000,0.0000,125.0000,"03/02/17 00:00:00"
"610100001624    ",5.0000000000000000e+00,590.0000,0.0000,590.0000,"03/02/17 00:00:00"
"610100002259    ",5.0000000000000000e+00,145.0000,0.0000,145.0000,"03/02/17 00:00:00"
"610100001562    ",3.0000000000000000e+00,133.7500,0.0000,133.7500,"03/02/17 00:00:00"
"610100001697    ",1.0800000000000000e+02,11139.3900,0.0000,11139.3900,"03/02/17 00:00:00"
"610100002053    ",1.2000000000000000e+01,1182.0000,0.0000,1182.0000,"03/02/17 00:00:00"
"610100001688    ",1.0000000000000000e+00,150.0000,0.0000,150.0000,"03/02/17 00:00:00"
"610100001027    ",3.5000000000000000e+01,3275.0000,0.0000,3275.0000,"03/02/17 00:00:00"
"610100001857    ",2.0000000000000000e+00,419.9500,0.0000,419.9500,"03/02/17 00:00:00"
"610100001875    ",8.9000000000000000e+01,11816.8900,0.0000,11816.8900,"03/02/17 00:00:00"
"610100001937    ",2.0000000000000000e+00,-89.9600,0.0000,-89.9600,"03/02/17 00:00:00"
"610100001330    ",1.0000000000000000e+00,165.0000,0.0000,165.0000,"03/02/17 00:00:00"
"610100001946    ",4.0000000000000000e+00,797.2000,0.0000,797.2000,"03/02/17 00:00:00"
"610100001214    ",5.0000000000000000e+00,283.9000,0.0000,283.9000,"03/02/17 00:00:00"
"610100001759    ",6.0000000000000000e+00,53.8700,0.0000,53.8700,"03/02/17 00:00:00"
"610100001866    ",9.0000000000000000e+00,199.2500,0.0000,199.2500,"03/02/17 00:00:00"
"610100001198    ",1.0000000000000000e+00,484.1000,0.0000,484.1000,"03/02/17 00:00:00"
"610100001250    ",3.0000000000000000e+00,252.0000,0.0000,252.0000,"03/02/17 00:00:00"
"610100001893    ",1.0000000000000000e+00,1214.5000,0.0000,1214.5000,"03/02/17 00:00:00"
"610100001394    ",2.2460000000000000e+03,76828.9100,-7682.8900,69146.0200,"03/02/17 00:00:00"
"610100001189    ",3.0000000000000000e+00,677.0700,0.0000,677.0700,"03/02/17 00:00:00"
"610100001955    ",2.4000000000000000e+01,509.4300,0.0000,509.4300,"03/02/17 00:00:00"
"610100001795    ",1.2000000000000000e+01,329.2000,0.0000,329.2000,"03/02/17 00:00:00"
"610100001919    ",2.0000000000000000e+00,1700.0000,0.0000,1700.0000,"03/02/17 00:00:00"
"610100001385    ",1.0000000000000000e+00,242.9800,0.0000,242.9800,"03/02/17 00:00:00"
"610100000359    ",1.2000000000000000e+01,79.4900,0.0000,79.4900,"03/03/17 00:00:00"
"610100000279    ",5.0000000000000000e+01,480.1000,0.0000,480.1000,"03/03/17 00:00:00"
"610100000983    ",3.0000000000000000e+00,1300.0000,0.0000,1300.0000,"03/03/17 00:00:00"
"610100001107    ",2.0000000000000000e+00,770.0000,0.0000,770.0000,"03/03/17 00:00:00"
"610100002222    ",1.3000000000000000e+01,389.3500,0.0000,389.3500,"03/03/17 00:00:00"
"610100000199    ",2.0000000000000000e+00,723.4000,0.0000,723.4000,"03/03/17 00:00:00"
"610100000796    ",2.0000000000000000e+00,33.0000,0.0000,33.0000,"03/03/17 00:00:00"
"610100002213    ",2.0000000000000000e+00,3019.4800,-150.9700,2868.5100,"03/03/17 00:00:00"
"610100001697    ",1.2500000000000000e+02,15557.5700,0.0000,15557.5700,"03/03/17 00:00:00"
"610100000448    ",2.0000000000000000e+00,-156.9300,0.0000,-156.9300,"03/03/17 00:00:00"
"610100001214    ",5.0000000000000000e+00,393.9500,0.0000,393.9500,"03/03/17 00:00:00"
"610100000484    ",1.0000000000000000e+00,419.3100,0.0000,419.3100,"03/03/17 00:00:00"
"610100000545    ",1.2000000000000000e+01,148.7500,0.0000,148.7500,"03/03/17 00:00:00"
"610100001624    ",8.0000000000000000e+00,760.0000,0.0000,760.0000,"03/03/17 00:00:00"
"610100002197    ",7.0000000000000000e+00,402.8600,0.0000,402.8600,"03/03/17 00:00:00"
"610100001170    ",1.9000000000000000e+01,608.2500,0.0000,608.2500,"03/03/17 00:00:00"
"610100001688    ",1.0000000000000000e+00,373.5000,0.0000,373.5000,"03/03/17 00:00:00"
"610100001438    ",6.0000000000000000e+00,129.5000,0.0000,129.5000,"03/03/17 00:00:00"
"610100001633    ",8.0000000000000000e+01,3171.9400,-317.1900,2854.7500,"03/03/17 00:00:00"
"610100001875    ",6.5000000000000000e+01,5832.6500,0.0000,5832.6500,"03/03/17 00:00:00"
"610100000698    ",1.0000000000000000e+00,15.0000,0.0000,15.0000,"03/03/17 00:00:00"
"610100000714    ",1.0000000000000000e+00,40.0000,0.0000,40.0000,"03/03/17 00:00:00"
"610100001795    ",2.3000000000000000e+01,744.8000,0.0000,744.8000,"03/03/17 00:00:00"
"610100000705    ",2.0000000000000000e+00,2300.0000,0.0000,2300.0000,"03/03/17 00:00:00"
"610100001562    ",8.0000000000000000e+00,187.5000,0.0000,187.5000,"03/03/17 00:00:00"
"610100000288    ",6.0000000000000000e+00,1607.0000,0.0000,1607.0000,"03/03/17 00:00:00"
"610100001036    ",1.0000000000000000e+00,45.3800,0.0000,45.3800,"03/03/17 00:00:00"
"610100001330    ",3.0000000000000000e+00,385.0000,0.0000,385.0000,"03/03/17 00:00:00"
"610100000689    ",1.0000000000000000e+00,1638.0000,0.0000,1638.0000,"03/03/17 00:00:00"
"610100000180    ",6.0000000000000000e+00,287.6000,0.0000,287.6000,"03/03/17 00:00:00"
"610100001866    ",2.3000000000000000e+01,437.0500,0.0000,437.0500,"03/03/17 00:00:00"
"610100001553    ",5.0000000000000000e+00,86.0000,0.0000,86.0000,"03/03/17 00:00:00"
"610100002259    ",4.0000000000000000e+00,175.0000,0.0000,175.0000,"03/03/17 00:00:00"
"610100001189    ",4.4000000000000000e+01,4621.1500,0.0000,4621.1500,"03/03/17 00:00:00"
"610100002302    ",7.0000000000000000e+00,101.5300,0.0000,101.5300,"03/03/17 00:00:00"
"610100001401    ",1.0000000000000000e+00,87.0000,0.0000,87.0000,"03/03/17 00:00:00"
"610100000368    ",5.0000000000000000e+00,92.5000,0.0000,92.5000,"03/03/17 00:00:00"
"610100000723    ",4.0000000000000000e+00,1885.5000,0.0000,1885.5000,"03/03/17 00:00:00"
"610100001704    ",5.0000000000000000e+00,157.0000,0.0000,157.0000,"03/03/17 00:00:00"
"610100001027    ",5.0000000000000000e+00,755.0000,0.0000,755.0000,"03/03/17 00:00:00"
"610100002124    ",3.0000000000000000e+00,0.0300,0.0000,0.0300,"03/03/17 00:00:00"
"610100000956    ",1.0000000000000000e+00,3531.2400,0.0000,3531.2400,"03/03/17 00:00:00"
"610100000493    ",6.0000000000000000e+00,1768.6500,0.0000,1768.6500,"03/03/17 00:00:00"
"610100001937    ",6.8000000000000000e+01,691.8000,-75.1700,616.6300,"03/03/17 00:00:00"
"610100001394    ",3.0000000000000000e+02,8433.1100,-421.6600,8011.4500,"03/03/17 00:00:00"
"610100002026    ",2.0000000000000000e+00,649.7200,0.0000,649.7200,"03/03/17 00:00:00"
"610100000331    ",2.2000000000000000e+01,580.8400,0.0000,580.8400,"03/03/17 00:00:00"
"610100000322    ",3.0000000000000000e+00,349.8000,0.0000,349.8000,"03/03/17 00:00:00"
"610100002053    ",2.0000000000000000e+00,180.0000,0.0000,180.0000,"03/03/17 00:00:00"
"610100001642    ",3.0000000000000000e+00,65.0000,0.0000,65.0000,"03/03/17 00:00:00"
"610100000876    ",1.0000000000000000e+00,87.4000,0.0000,87.4000,"03/03/17 00:00:00"
"610100000536    ",7.0000000000000000e+00,130.9000,0.0000,130.9000,"03/03/17 00:00:00"
"610100001740    ",4.0000000000000000e+00,2580.0100,0.0000,2580.0100,"03/03/17 00:00:00"
"610100001517    ",9.0000000000000000e+00,313.2500,0.0000,313.2500,"03/03/17 00:00:00"
"610100000910    ",2.0000000000000000e+00,22.9500,0.0000,22.9500,"03/03/17 00:00:00"
"610100002017    ",1.1000000000000000e+01,290.0000,0.0000,290.0000,"03/03/17 00:00:00"
"610100001651    ",2.0000000000000000e+01,267.5000,0.0000,267.5000,"03/03/17 00:00:00"
"610100000242    ",3.0000000000000000e+00,462.5600,0.0000,462.5600,"03/03/17 00:00:00"
"610100001599    ",4.0000000000000000e+00,90.5000,0.0000,90.5000,"03/03/17 00:00:00"
"610100002115    ",2.0000000000000000e+00,375.0000,0.0000,375.0000,"03/03/17 00:00:00"
"610100000974    ",1.0000000000000000e+00,20.0000,0.0000,20.0000,"03/03/17 00:00:00"
"610100000821    ",2.0000000000000000e+00,372.5000,0.0000,372.5000,"03/03/17 00:00:00"
"610100000313    ",4.0000000000000000e+00,95.2500,0.0000,95.2500,"03/03/17 00:00:00"
"610100000224    ",6.0000000000000000e+00,446.3900,0.0000,446.3900,"03/03/17 00:00:00"
"610100001544    ",4.0000000000000000e+00,60.5000,0.0000,60.5000,"03/03/17 00:00:00"
"610100001526    ",2.0000000000000000e+00,238.9900,0.0000,238.9900,"03/03/17 00:00:00"
"610100001759    ",1.8000000000000000e+01,149.6400,0.0000,149.6400,"03/03/17 00:00:00"
"610100001456    ",1.4000000000000000e+01,5259.1900,0.0000,5259.1900,"03/03/17 00:00:00"
"610100001161    ",1.6000000000000000e+01,111.4000,0.0000,111.4000,"03/03/17 00:00:00"
"610100001919    ",4.0000000000000000e+00,3400.0000,0.0000,3400.0000,"03/03/17 00:00:00"
"610100000965    ",1.0000000000000000e+00,22.0000,0.0000,22.0000,"03/03/17 00:00:00"
"610100001955    ",7.0000000000000000e+01,2312.1700,-231.2200,2080.9500,"03/03/17 00:00:00"
"610100001893    ",2.0000000000000000e+00,389.6500,0.0000,389.6500,"03/03/17 00:00:00"
"610100000858    ",7.0000000000000000e+00,742.0000,0.0000,742.0000,"03/03/17 00:00:00"
"610100000475    ",1.0000000000000000e+00,144.4500,0.0000,144.4500,"03/04/17 00:00:00"
"610100001704    ",1.0000000000000000e+00,10.0000,0.0000,10.0000,"03/04/17 00:00:00"
"610100000493    ",5.0000000000000000e+00,1188.1500,0.0000,1188.1500,"03/04/17 00:00:00"
"610100001170    ",1.2000000000000000e+01,585.2000,0.0000,585.2000,"03/04/17 00:00:00"
"610100001214    ",7.0000000000000000e+00,1180.4000,0.0000,1180.4000,"03/04/17 00:00:00"
"610100000331    ",9.0000000000000000e+00,291.3300,0.0000,291.3300,"03/04/17 00:00:00"
"610100001651    ",1.7000000000000000e+01,266.7500,0.0000,266.7500,"03/04/17 00:00:00"
"610100001189    ",3.2000000000000000e+01,3532.3500,0.0000,3532.3500,"03/04/17 00:00:00"
"610100001697    ",1.3900000000000000e+02,17830.7300,0.0000,17830.7300,"03/04/17 00:00:00"
"610100002124    ",1.0000000000000000e+00,500.0000,0.0000,500.0000,"03/04/17 00:00:00"
"610100001875    ",7.8000000000000000e+01,9600.0500,0.0000,9600.0500,"03/04/17 00:00:00"
"610100000778    ",1.0000000000000000e+00,37.5000,0.0000,37.5000,"03/04/17 00:00:00"
"610100002197    ",1.4000000000000000e+01,977.2200,0.0000,977.2200,"03/04/17 00:00:00"
"610100001884    ",5.0000000000000000e+00,55.0000,0.0000,55.0000,"03/04/17 00:00:00"
"610100000796    ",3.0000000000000000e+00,190.2500,0.0000,190.2500,"03/04/17 00:00:00"
"610100000947    ",1.0000000000000000e+00,100.0000,0.0000,100.0000,"03/04/17 00:00:00"
"610100002017    ",4.0000000000000000e+00,130.5000,0.0000,130.5000,"03/04/17 00:00:00"
"610100001991    ",1.5000000000000000e+01,531.8100,0.0000,531.8100,"03/04/17 00:00:00"
"610100001946    ",3.0000000000000000e+00,171.7500,0.0000,171.7500,"03/04/17 00:00:00"
"610100001955    ",3.6000000000000000e+01,1316.9800,-131.7000,1185.2800,"03/04/17 00:00:00"
"610100000938    ",1.5500000000000000e+02,7504.0000,0.0000,7504.0000,"03/04/17 00:00:00"
"610100002053    ",1.0000000000000000e+00,110.0000,0.0000,110.0000,"03/04/17 00:00:00"
"610100000910    ",2.0000000000000000e+00,30.0000,0.0000,30.0000,"03/04/17 00:00:00"
"610100000545    ",1.0000000000000000e+01,171.2000,0.0000,171.2000,"03/04/17 00:00:00"
"610100000643    ",1.0000000000000000e+00,350.0000,0.0000,350.0000,"03/04/17 00:00:00"
"610100000536    ",4.0000000000000000e+00,59.8500,0.0000,59.8500,"03/04/17 00:00:00"
"610100001161    ",9.0000000000000000e+00,91.9400,0.0000,91.9400,"03/04/17 00:00:00"
"610100001759    ",3.3000000000000000e+01,351.5400,0.0000,351.5400,"03/04/17 00:00:00"
"610100001642    ",2.0000000000000000e+00,16.5000,0.0000,16.5000,"03/04/17 00:00:00"
"610100001795    ",6.2000000000000000e+01,1933.1500,0.0000,1933.1500,"03/04/17 00:00:00"
"610100000705    ",2.0000000000000000e+00,3900.0000,0.0000,3900.0000,"03/04/17 00:00:00"
"610100002259    ",1.7000000000000000e+01,595.0000,0.0000,595.0000,"03/04/17 00:00:00"
"610100001027    ",3.0000000000000000e+00,385.0000,0.0000,385.0000,"03/04/17 00:00:00"
"610100001866    ",2.6000000000000000e+01,576.9000,0.0000,576.9000,"03/04/17 00:00:00"
"610100002320    ",1.0000000000000000e+00,1.0000,0.0000,1.0000,"03/04/17 00:00:00"
"610100002302    ",3.0000000000000000e+00,33.9700,0.0000,33.9700,"03/04/17 00:00:00"
"610100000279    ",4.9000000000000000e+01,410.7500,0.0000,410.7500,"03/04/17 00:00:00"
"610100001376    ",1.0000000000000000e+00,50.0000,0.0000,50.0000,"03/04/17 00:00:00"
"610100000126    ",2.0000000000000000e+00,65.7500,0.0000,65.7500,"03/04/17 00:00:00"
"610100001553    ",3.4000000000000000e+01,853.0000,0.0000,853.0000,"03/04/17 00:00:00"
"610100001544    ",4.0000000000000000e+00,42.0000,0.0000,42.0000,"03/04/17 00:00:00"
"610100001401    ",4.0000000000000000e+00,209.4700,0.0000,209.4700,"03/04/17 00:00:00"
"610100001438    ",1.0000000000000000e+00,17.0000,0.0000,17.0000,"03/04/17 00:00:00"
"610100000224    ",1.0000000000000000e+00,35.8500,0.0000,35.8500,"03/04/17 00:00:00"
"610100000180    ",5.0000000000000000e+00,51.0000,0.0000,51.0000,"03/04/17 00:00:00"
"610100001599    ",6.0000000000000000e+00,78.5000,0.0000,78.5000,"03/04/17 00:00:00"
"610100000359    ",2.6000000000000000e+01,249.9000,0.0000,249.9000,"03/04/17 00:00:00"
"610100001394    ",9.7000000000000000e+01,2723.0800,-136.1500,2586.9300,"03/04/17 00:00:00"
"610100001562    ",1.8000000000000000e+01,387.5000,0.0000,387.5000,"03/04/17 00:00:00"
"610100001633    ",3.9000000000000000e+01,2148.4100,-214.8400,1933.5700,"03/04/17 00:00:00"
"610100001517    ",9.0000000000000000e+00,353.5000,0.0000,353.5000,"03/04/17 00:00:00"
"610100000322    ",4.0000000000000000e+00,249.3900,0.0000,249.3900,"03/04/17 00:00:00"
"610100000313    ",9.0000000000000000e+00,238.5000,0.0000,238.5000,"03/04/17 00:00:00"
"610100001027    ",1.0000000000000000e+00,250.0000,0.0000,250.0000,"03/05/17 00:00:00"
"610100001777    ",5.0000000000000000e+00,108.1000,0.0000,108.1000,"03/05/17 00:00:00"
"610100001955    ",3.3000000000000000e+01,1164.1300,-116.4100,1047.7200,"03/05/17 00:00:00"
"610100000554    ",1.0000000000000000e+00,32.9700,0.0000,32.9700,"03/05/17 00:00:00"
"610100000938    ",1.0000000000000000e+00,72.0000,0.0000,72.0000,"03/05/17 00:00:00"
"610100001848    ",5.0000000000000000e+00,117.0000,0.0000,117.0000,"03/05/17 00:00:00"
"610100001857    ",1.0000000000000000e+00,269.1700,0.0000,269.1700,"03/05/17 00:00:00"
"610100001795    ",2.1000000000000000e+01,702.8000,0.0000,702.8000,"03/05/17 00:00:00"
"610100001562    ",2.5000000000000000e+01,307.0000,0.0000,307.0000,"03/05/17 00:00:00"
"610100001991    ",1.8000000000000000e+01,818.9400,0.0000,818.9400,"03/05/17 00:00:00"
"610100001438    ",2.0000000000000000e+00,41.7500,0.0000,41.7500,"03/05/17 00:00:00"
"610100002197    ",1.1000000000000000e+01,766.3500,0.0000,766.3500,"03/05/17 00:00:00"
"610100002053    ",2.0000000000000000e+00,71.0000,0.0000,71.0000,"03/05/17 00:00:00"
"610100001875    ",5.3000000000000000e+01,5525.2300,0.0000,5525.2300,"03/05/17 00:00:00"
"610100001544    ",7.0000000000000000e+00,97.5000,0.0000,97.5000,"03/05/17 00:00:00"
"610100002124    ",5.0000000000000000e+00,2500.0000,0.0000,2500.0000,"03/05/17 00:00:00"
"610100002017    ",6.0000000000000000e+00,297.7500,0.0000,297.7500,"03/05/17 00:00:00"
"610100001553    ",3.0000000000000000e+01,575.7500,0.0000,575.7500,"03/05/17 00:00:00"
"610100001517    ",2.0000000000000000e+00,69.5000,0.0000,69.5000,"03/05/17 00:00:00"
"610100001189    ",6.0000000000000000e+00,988.1000,0.0000,988.1000,"03/05/17 00:00:00"
"610100001697    ",1.6000000000000000e+02,18058.2300,0.0000,18058.2300,"03/05/17 00:00:00"
"610100000359    ",1.5000000000000000e+01,106.5000,0.0000,106.5000,"03/05/17 00:00:00"
"610100001170    ",9.0000000000000000e+00,342.1300,0.0000,342.1300,"03/05/17 00:00:00"
"610100000279    ",2.7000000000000000e+01,203.5000,0.0000,203.5000,"03/05/17 00:00:00"
"610100000331    ",9.0000000000000000e+00,270.3700,0.0000,270.3700,"03/05/17 00:00:00"
"610100001232    ",1.0000000000000000e+00,350.0000,0.0000,350.0000,"03/05/17 00:00:00"
"610100000368    ",6.0000000000000000e+00,144.6000,0.0000,144.6000,"03/05/17 00:00:00"
"610100001633    ",3.3000000000000000e+01,1696.8300,-169.6800,1527.1500,"03/05/17 00:00:00"
"610100000313    ",1.3000000000000000e+01,227.0000,0.0000,227.0000,"03/05/17 00:00:00"
"610100001651    ",8.0000000000000000e+00,123.5000,0.0000,123.5000,"03/05/17 00:00:00"
"610100001599    ",2.0000000000000000e+00,8.2300,0.0000,8.2300,"03/05/17 00:00:00"
"610100001759    ",2.6000000000000000e+01,346.8900,0.0000,346.8900,"03/05/17 00:00:00"
"610100001571    ",1.0000000000000000e+00,27.5000,0.0000,27.5000,"03/05/17 00:00:00"
"610100001394    ",6.9000000000000000e+01,2091.7400,-104.5900,1987.1500,"03/05/17 00:00:00"
"610100001161    ",1.2000000000000000e+01,60.5900,0.0000,60.5900,"03/05/17 00:00:00"
"610100001562    ",6.0000000000000000e+00,131.0000,0.0000,131.0000,"03/06/17 00:00:00"
"610100001456    ",1.0000000000000000e+00,739.1500,0.0000,739.1500,"03/06/17 00:00:00"
"610100001759    ",3.3000000000000000e+01,426.6800,0.0000,426.6800,"03/06/17 00:00:00"
"610100001394    ",1.0200000000000000e+02,3050.1400,-152.5100,2897.6300,"03/06/17 00:00:00"
"610100001214    ",7.0000000000000000e+00,136.9500,0.0000,136.9500,"03/06/17 00:00:00"
"610100000938    ",1.0000000000000000e+00,-52.0000,0.0000,-52.0000,"03/06/17 00:00:00"
"610100001946    ",2.0000000000000000e+00,1887.6900,0.0000,1887.6900,"03/06/17 00:00:00"
"610100001633    ",5.1000000000000000e+01,1850.6900,-185.0700,1665.6200,"03/06/17 00:00:00"
"610100001517    ",4.0000000000000000e+00,79.2500,0.0000,79.2500,"03/06/17 00:00:00"
"610100001937    ",4.0000000000000000e+00,366.5500,-36.6600,329.8900,"03/06/17 00:00:00"
"610100000947    ",1.0000000000000000e+00,50.0000,0.0000,50.0000,"03/06/17 00:00:00"
"610100001036    ",1.0000000000000000e+00,520.3200,0.0000,520.3200,"03/06/17 00:00:00"
"610100001795    ",1.2000000000000000e+01,263.5000,0.0000,263.5000,"03/06/17 00:00:00"
"610100001189    ",8.0000000000000000e+00,669.1500,0.0000,669.1500,"03/06/17 00:00:00"
"610100001438    ",6.0000000000000000e+00,99.2500,0.0000,99.2500,"03/06/17 00:00:00"
"610100001553    ",1.0000000000000000e+00,30.0000,0.0000,30.0000,"03/06/17 00:00:00"
"610100001599    ",4.0000000000000000e+00,59.5000,0.0000,59.5000,"03/06/17 00:00:00"
"610100001704    ",1.0000000000000000e+00,11.0000,0.0000,11.0000,"03/06/17 00:00:00"
"610100001170    ",4.0000000000000000e+00,129.0000,0.0000,129.0000,"03/06/17 00:00:00"
"610100001009    ",1.0000000000000000e+00,40.0000,0.0000,40.0000,"03/06/17 00:00:00"
"610100000983    ",1.0000000000000000e+00,1275.0000,0.0000,1275.0000,"03/06/17 00:00:00"
"610100001866    ",3.7000000000000000e+01,979.9100,0.0000,979.9100,"03/06/17 00:00:00"
"610100001580    ",1.0000000000000000e+00,21.9900,-2.2000,19.7900,"03/06/17 00:00:00"
"610100001027    ",4.0000000000000000e+00,75.0000,0.0000,75.0000,"03/06/17 00:00:00"
"610100000974    ",3.0000000000000000e+00,235.6700,0.0000,235.6700,"03/06/17 00:00:00"
"610100001161    ",1.9000000000000000e+01,115.4300,0.0000,115.4300,"03/06/17 00:00:00"
"610100001875    ",4.3000000000000000e+01,4087.4800,0.0000,4087.4800,"03/06/17 00:00:00"
"610100001893    ",1.0000000000000000e+00,58.0000,0.0000,58.0000,"03/06/17 00:00:00"
"610100001919    ",2.0000000000000000e+00,1700.0000,0.0000,1700.0000,"03/06/17 00:00:00"
"610100001269    ",3.4000000000000000e+01,3009.8900,0.0000,3009.8900,"03/06/17 00:00:00"
"610100001697    ",1.1700000000000000e+02,10947.9900,0.0000,10947.9900,"03/06/17 00:00:00"
"610100001385    ",2.0000000000000000e+00,12090.6600,0.0000,12090.6600,"03/06/17 00:00:00"
"610100001544    ",4.0000000000000000e+00,111.2500,0.0000,111.2500,"03/06/17 00:00:00"
"610100001624    ",4.0000000000000000e+00,285.0000,0.0000,285.0000,"03/06/17 00:00:00"
"610100001321    ",2.0000000000000000e+00,450.0000,0.0000,450.0000,"03/06/17 00:00:00"
"610100000331    ",8.0000000000000000e+00,129.8700,0.0000,129.8700,"03/06/17 00:00:00"
"610100000340    ",2.8000000000000000e+01,928.2500,0.0000,928.2500,"03/06/17 00:00:00"
"610100000297    ",1.0000000000000000e+00,53.0000,0.0000,53.0000,"03/06/17 00:00:00"
"610100000313    ",5.0000000000000000e+00,73.5000,0.0000,73.5000,"03/06/17 00:00:00"
"610100000322    ",2.0000000000000000e+00,33.8500,0.0000,33.8500,"03/06/17 00:00:00"
"610100000493    ",2.0000000000000000e+00,123.6300,0.0000,123.6300,"03/06/17 00:00:00"
"610100000545    ",6.0000000000000000e+00,133.7500,0.0000,133.7500,"03/06/17 00:00:00"
"610100000536    ",6.0000000000000000e+00,66.2600,0.0000,66.2600,"03/06/17 00:00:00"
"610100000368    ",9.0000000000000000e+00,172.2500,0.0000,172.2500,"03/06/17 00:00:00"
"610100000475    ",1.0000000000000000e+00,246.4200,0.0000,246.4200,"03/06/17 00:00:00"
"610100000126    ",8.0000000000000000e+00,350.1100,0.0000,350.1100,"03/06/17 00:00:00"
"610100000224    ",1.0000000000000000e+00,124.0000,0.0000,124.0000,"03/06/17 00:00:00"
"610100000279    ",2.1000000000000000e+01,126.0000,0.0000,126.0000,"03/06/17 00:00:00"
"610100000288    ",5.0000000000000000e+00,5269.2000,0.0000,5269.2000,"03/06/17 00:00:00"
"610100000359    ",1.0000000000000000e+01,71.2500,0.0000,71.2500,"03/06/17 00:00:00"
"610100000180    ",1.0000000000000000e+00,39.0000,0.0000,39.0000,"03/06/17 00:00:00"
"610100000199    ",4.0000000000000000e+00,601.6000,0.0000,601.6000,"03/06/17 00:00:00"
"610100002197    ",1.6000000000000000e+01,883.4800,0.0000,883.4800,"03/06/17 00:00:00"
"610100000796    ",4.0000000000000000e+00,322.3000,0.0000,322.3000,"03/06/17 00:00:00"
"610100000778    ",1.0000000000000000e+00,103.0000,0.0000,103.0000,"03/06/17 00:00:00"
"610100000821    ",2.0000000000000000e+00,51.9000,0.0000,51.9000,"03/06/17 00:00:00"
"610100002222    ",6.0000000000000000e+00,179.7000,0.0000,179.7000,"03/06/17 00:00:00"
"610100002259    ",6.0000000000000000e+00,240.0000,0.0000,240.0000,"03/06/17 00:00:00"
"610100002302    ",5.0000000000000000e+00,139.1900,0.0000,139.1900,"03/06/17 00:00:00"
"610100002213    ",2.0000000000000000e+00,4165.7700,-208.2900,3957.4800,"03/06/17 00:00:00"
"610100001955    ",5.4000000000000000e+01,1443.6500,-144.3600,1299.2900,"03/06/17 00:00:00"
"610100000910    ",4.0000000000000000e+00,122.9000,0.0000,122.9000,"03/06/17 00:00:00"
"610100000876    ",2.0000000000000000e+00,238.8500,0.0000,238.8500,"03/06/17 00:00:00"
"610100002017    ",4.0000000000000000e+00,124.7500,0.0000,124.7500,"03/06/17 00:00:00"
"610100000867    ",1.0000000000000000e+00,528.0000,0.0000,528.0000,"03/06/17 00:00:00"
"610100000858    ",2.0000000000000000e+00,228.0000,0.0000,228.0000,"03/06/17 00:00:00"
"610100002053    ",1.0000000000000000e+00,55.0000,0.0000,55.0000,"03/06/17 00:00:00"
"610100002115    ",2.0000000000000000e+00,90.0000,0.0000,90.0000,"03/06/17 00:00:00"
"610100002053    ",7.0000000000000000e+00,1068.0000,0.0000,1068.0000,"03/07/17 00:00:00"
"610100002026    ",3.0000000000000000e+00,2924.1100,0.0000,2924.1100,"03/07/17 00:00:00"
"610100001553    ",2.0000000000000000e+00,54.0000,0.0000,54.0000,"03/07/17 00:00:00"
"610100001740    ",1.0000000000000000e+00,218.8600,0.0000,218.8600,"03/07/17 00:00:00"
"610100002115    ",1.0000000000000000e+00,600.0000,0.0000,600.0000,"03/07/17 00:00:00"
"610100001562    ",1.1000000000000000e+01,169.7500,0.0000,169.7500,"03/07/17 00:00:00"
"610100001786    ",1.0000000000000000e+00,65.0000,0.0000,65.0000,"03/07/17 00:00:00"
"610100001875    ",7.9000000000000000e+01,8050.3600,0.0000,8050.3600,"03/07/17 00:00:00"
"610100001759    ",3.4000000000000000e+01,345.0300,0.0000,345.0300,"03/07/17 00:00:00"
"610100001955    ",6.2000000000000000e+01,1784.5600,-178.4600,1606.1000,"03/07/17 00:00:00"
"610100001517    ",2.0000000000000000e+00,55.2500,0.0000,55.2500,"03/07/17 00:00:00"
"610100001544    ",1.0000000000000000e+00,20.0000,0.0000,20.0000,"03/07/17 00:00:00"
"610100002179    ",2.0000000000000000e+00,8500.0000,0.0000,8500.0000,"03/07/17 00:00:00"
"610100001937    ",6.0000000000000000e+00,209.9200,-20.9900,188.9300,"03/07/17 00:00:00"
"610100001526    ",1.0000000000000000e+00,174.4700,0.0000,174.4700,"03/07/17 00:00:00"
"610100002375    ",6.0000000000000000e+00,203.2100,0.0000,203.2100,"03/07/17 00:00:00"
"610100002017    ",3.0000000000000000e+00,43.7500,0.0000,43.7500,"03/07/17 00:00:00"
"610100001919    ",1.0000000000000000e+00,850.0000,0.0000,850.0000,"03/07/17 00:00:00"
"610100001795    ",1.2000000000000000e+01,403.5500,0.0000,403.5500,"03/07/17 00:00:00"
"610100002259    ",1.0000000000000000e+00,10.0000,0.0000,10.0000,"03/07/17 00:00:00"
"610100002357    ",6.0000000000000000e+00,57.1400,0.0000,57.1400,"03/07/17 00:00:00"
"610100001857    ",1.0000000000000000e+00,1180.0000,0.0000,1180.0000,"03/07/17 00:00:00"
"610100001697    ",9.7000000000000000e+01,10781.0000,0.0000,10781.0000,"03/07/17 00:00:00"
"610100002311    ",4.0000000000000000e+00,20.0700,0.0000,20.0700,"03/07/17 00:00:00"
"610100001946    ",2.0000000000000000e+00,180.5800,0.0000,180.5800,"03/07/17 00:00:00"
"610100002302    ",5.0000000000000000e+00,149.8500,0.0000,149.8500,"03/07/17 00:00:00"
"610100001866    ",1.2000000000000000e+01,247.2500,0.0000,247.2500,"03/07/17 00:00:00"
"610100002197    ",1.2000000000000000e+01,863.3500,0.0000,863.3500,"03/07/17 00:00:00"
"610100001624    ",3.0000000000000000e+00,674.0000,0.0000,674.0000,"03/07/17 00:00:00"
"610100001599    ",1.0000000000000000e+00,5.5000,0.0000,5.5000,"03/07/17 00:00:00"
"610100001642    ",5.0000000000000000e+00,361.5000,0.0000,361.5000,"03/07/17 00:00:00"
"610100002222    ",9.0000000000000000e+00,269.5500,-40.4300,229.1200,"03/07/17 00:00:00"
"610100001704    ",3.0000000000000000e+00,382.0000,0.0000,382.0000,"03/07/17 00:00:00"
"610100001633    ",7.3000000000000000e+01,3111.0100,-311.1000,2799.9100,"03/07/17 00:00:00"
"610100001385    ",1.0000000000000000e+00,4331.9000,0.0000,4331.9000,"03/07/17 00:00:00"
"610100000279    ",2.5000000000000000e+01,198.5000,0.0000,198.5000,"03/07/17 00:00:00"
"610100000769    ",1.0000000000000000e+00,309.0000,0.0000,309.0000,"03/07/17 00:00:00"
"610100000019    ",1.0000000000000000e+00,326.2900,0.0000,326.2900,"03/07/17 00:00:00"
"610100000938    ",1.0000000000000000e+01,326.0000,0.0000,326.0000,"03/07/17 00:00:00"
"610100001189    ",1.4000000000000000e+01,823.5700,0.0000,823.5700,"03/07/17 00:00:00"
"610100000965    ",7.0000000000000000e+00,232.0000,0.0000,232.0000,"03/07/17 00:00:00"
"610100000778    ",2.0000000000000000e+00,3748.2000,0.0000,3748.2000,"03/07/17 00:00:00"
"610100001394    ",1.3100000000000000e+02,4107.5600,-205.3800,3902.1800,"03/07/17 00:00:00"
"610100000867    ",1.0000000000000000e+00,40.0000,0.0000,40.0000,"03/07/17 00:00:00"
"610100000180    ",1.0000000000000000e+00,94.0000,0.0000,94.0000,"03/07/17 00:00:00"
"610100000331    ",1.3000000000000000e+01,383.7300,0.0000,383.7300,"03/07/17 00:00:00"
"610100001250    ",3.0000000000000000e+00,369.0000,0.0000,369.0000,"03/07/17 00:00:00"
"610100000821    ",8.0000000000000000e+00,367.6900,0.0000,367.6900,"03/07/17 00:00:00"
"610100000313    ",6.0000000000000000e+00,178.0000,0.0000,178.0000,"03/07/17 00:00:00"
"610100000126    ",6.0000000000000000e+00,125.1300,0.0000,125.1300,"03/07/17 00:00:00"
"610100001214    ",9.0000000000000000e+00,938.7000,0.0000,938.7000,"03/07/17 00:00:00"
"610100000858    ",2.0000000000000000e+00,283.0000,0.0000,283.0000,"03/07/17 00:00:00"
"610100000322    ",4.0000000000000000e+00,389.9400,0.0000,389.9400,"03/07/17 00:00:00"
"610100001330    ",2.0000000000000000e+00,330.0000,0.0000,330.0000,"03/07/17 00:00:00"
"610100000028    ",8.0000000000000000e+00,3966.5000,0.0000,3966.5000,"03/07/17 00:00:00"
"610100000073    ",1.0000000000000000e+00,10.0000,0.0000,10.0000,"03/07/17 00:00:00"
"610100000796    ",7.0000000000000000e+00,528.7100,0.0000,528.7100,"03/07/17 00:00:00"
"610100000199    ",1.0000000000000000e+01,3406.0000,0.0000,3406.0000,"03/07/17 00:00:00"
"610100000288    ",3.0000000000000000e+00,155.0000,0.0000,155.0000,"03/07/17 00:00:00"
"610100000910    ",3.0000000000000000e+00,515.4500,0.0000,515.4500,"03/07/17 00:00:00"
"610100000493    ",2.0000000000000000e+00,272.0400,0.0000,272.0400,"03/07/17 00:00:00"
"610100000224    ",1.0000000000000000e+00,35.3600,0.0000,35.3600,"03/07/17 00:00:00"
"610100001170    ",1.9000000000000000e+01,714.0000,0.0000,714.0000,"03/07/17 00:00:00"
"610100001027    ",2.0000000000000000e+00,395.0000,0.0000,395.0000,"03/07/17 00:00:00"
"610100000359    ",7.0000000000000000e+00,64.5000,0.0000,64.5000,"03/07/17 00:00:00"
"610100001161    ",1.6000000000000000e+01,110.7700,0.0000,110.7700,"03/07/17 00:00:00"
"610100001438    ",2.0000000000000000e+00,15.0000,0.0000,15.0000,"03/07/17 00:00:00"
"610100000536    ",3.0000000000000000e+00,124.2000,0.0000,124.2000,"03/07/17 00:00:00"
"610100001107    ",1.0000000000000000e+00,313.0400,0.0000,313.0400,"03/07/17 00:00:00"
"610100001492    ",1.0000000000000000e+00,203.0000,0.0000,203.0000,"03/07/17 00:00:00"
"610100000386    ",2.0000000000000000e+00,8537.4000,0.0000,8537.4000,"03/07/17 00:00:00"
"610100001054    ",1.0000000000000000e+00,-117.4800,0.0000,-117.4800,"03/07/17 00:00:00"
"610100000448    ",3.0000000000000000e+00,294.9700,0.0000,294.9700,"03/07/17 00:00:00"
"610100001456    ",4.0000000000000000e+00,2854.8500,0.0000,2854.8500,"03/07/17 00:00:00"
"610100000368    ",5.0000000000000000e+00,64.4500,0.0000,64.4500,"03/07/17 00:00:00"
"610100001116    ",7.0000000000000000e+00,1596.0000,0.0000,1596.0000,"03/07/17 00:00:00"
"610100000545    ",1.0000000000000000e+01,163.6000,0.0000,163.6000,"03/07/17 00:00:00"
"610100000242    ",2.0000000000000000e+00,388.5500,0.0000,388.5500,"03/07/17 00:00:00"
"610100001401    ",2.0000000000000000e+00,432.8500,0.0000,432.8500,"03/07/17 00:00:00"
"610100000974    ",4.0000000000000000e+00,492.5800,0.0000,492.5800,"03/07/17 00:00:00"
"610100000910    ",2.0000000000000000e+00,26.9500,0.0000,26.9500,"03/08/17 00:00:00"
"610100000974    ",4.0000000000000000e+00,402.5000,0.0000,402.5000,"03/08/17 00:00:00"
"610100001991    ",8.0000000000000000e+00,90.1500,0.0000,90.1500,"03/08/17 00:00:00"
"610100001786    ",1.0000000000000000e+00,50.0000,0.0000,50.0000,"03/08/17 00:00:00"
"610100000199    ",7.0000000000000000e+00,1444.0000,0.0000,1444.0000,"03/08/17 00:00:00"
"610100002017    ",7.0000000000000000e+00,199.5000,0.0000,199.5000,"03/08/17 00:00:00"
"610100000867    ",1.0000000000000000e+00,169.0000,0.0000,169.0000,"03/08/17 00:00:00"
"610100001875    ",7.1000000000000000e+01,7490.4000,0.0000,7490.4000,"03/08/17 00:00:00"
"610100000965    ",5.0000000000000000e+00,97.7500,0.0000,97.7500,"03/08/17 00:00:00"
"610100001893    ",1.0000000000000000e+00,318.4000,0.0000,318.4000,"03/08/17 00:00:00"
"610100000288    ",1.0000000000000000e+00,55.0000,0.0000,55.0000,"03/08/17 00:00:00"
"610100001857    ",1.0000000000000000e+00,1020.0000,0.0000,1020.0000,"03/08/17 00:00:00"
"610100001866    ",1.4000000000000000e+01,310.5500,0.0000,310.5500,"03/08/17 00:00:00"
"610100000279    ",1.9000000000000000e+01,192.0000,0.0000,192.0000,"03/08/17 00:00:00"
"610100001937    ",5.0000000000000000e+00,424.8700,-42.9800,381.8900,"03/08/17 00:00:00"
"610100001795    ",1.2000000000000000e+01,360.6000,0.0000,360.6000,"03/08/17 00:00:00"
"610100001955    ",4.4000000000000000e+01,1247.8900,-124.7900,1123.1000,"03/08/17 00:00:00"
"610100001027    ",2.0000000000000000e+00,405.0000,0.0000,405.0000,"03/08/17 00:00:00"
"610100000956    ",4.0000000000000000e+00,2472.0900,0.0000,2472.0900,"03/08/17 00:00:00"
"610100001946    ",1.0000000000000000e+00,127.9500,0.0000,127.9500,"03/08/17 00:00:00"
"610100000224    ",3.0000000000000000e+00,322.3500,0.0000,322.3500,"03/08/17 00:00:00"
"610100000947    ",1.0000000000000000e+00,450.0000,0.0000,450.0000,"03/08/17 00:00:00"
"610100002375    ",7.0000000000000000e+00,223.6200,0.0000,223.6200,"03/08/17 00:00:00"
"610100000545    ",8.0000000000000000e+00,92.5000,0.0000,92.5000,"03/08/17 00:00:00"
"610100000536    ",7.0000000000000000e+00,63.7500,0.0000,63.7500,"03/08/17 00:00:00"
"610100000643    ",1.0000000000000000e+00,200.0000,0.0000,200.0000,"03/08/17 00:00:00"
"610100002357    ",5.0000000000000000e+00,146.9500,0.0000,146.9500,"03/08/17 00:00:00"
"610100000340    ",4.0000000000000000e+00,105.9000,0.0000,105.9000,"03/08/17 00:00:00"
"610100000554    ",1.0000000000000000e+00,28.6600,0.0000,28.6600,"03/08/17 00:00:00"
"610100000661    ",1.0000000000000000e+00,150.0000,0.0000,150.0000,"03/08/17 00:00:00"
"610100000359    ",7.0000000000000000e+00,56.0000,0.0000,56.0000,"03/08/17 00:00:00"
"610100000368    ",6.0000000000000000e+00,141.0500,0.0000,141.0500,"03/08/17 00:00:00"
"610100000670    ",1.0000000000000000e+00,30.0000,0.0000,30.0000,"03/08/17 00:00:00"
"610100000493    ",1.0000000000000000e+00,72.8400,0.0000,72.8400,"03/08/17 00:00:00"
"610100001919    ",3.0000000000000000e+00,2850.0000,0.0000,2850.0000,"03/08/17 00:00:00"
"610100000796    ",4.0000000000000000e+00,275.5600,0.0000,275.5600,"03/08/17 00:00:00"
"610100002197    ",1.1000000000000000e+01,886.6100,0.0000,886.6100,"03/08/17 00:00:00"
"610100000858    ",3.0000000000000000e+00,492.0000,0.0000,492.0000,"03/08/17 00:00:00"
"610100000313    ",3.0000000000000000e+00,41.2500,0.0000,41.2500,"03/08/17 00:00:00"
"610100000821    ",2.0000000000000000e+00,87.2800,0.0000,87.2800,"03/08/17 00:00:00"
"610100002115    ",1.0000000000000000e+00,420.0000,0.0000,420.0000,"03/08/17 00:00:00"
"610100002259    ",5.0000000000000000e+00,135.0000,0.0000,135.0000,"03/08/17 00:00:00"
"610100000723    ",1.0000000000000000e+00,1012.0800,0.0000,1012.0800,"03/08/17 00:00:00"
"610100002302    ",9.0000000000000000e+00,134.6400,0.0000,134.6400,"03/08/17 00:00:00"
"610100000331    ",8.0000000000000000e+00,195.2300,0.0000,195.2300,"03/08/17 00:00:00"
"610100002311    ",4.0000000000000000e+00,850.4000,0.0000,850.4000,"03/08/17 00:00:00"
"610100000322    ",4.0000000000000000e+00,239.1300,0.0000,239.1300,"03/08/17 00:00:00"
"610100000778    ",1.0000000000000000e+00,135.0000,0.0000,135.0000,"03/08/17 00:00:00"
"610100002213    ",1.0000000000000000e+00,2999.9900,-150.0000,2849.9900,"03/08/17 00:00:00"
"610100002222    ",4.0000000000000000e+00,119.8000,-17.9700,101.8300,"03/08/17 00:00:00"
"610100000769    ",1.0000000000000000e+00,1854.0000,0.0000,1854.0000,"03/08/17 00:00:00"
"610100001697    ",8.9000000000000000e+01,10353.9400,0.0000,10353.9400,"03/08/17 00:00:00"
"610100001189    ",1.1000000000000000e+01,646.1000,0.0000,646.1000,"03/08/17 00:00:00"
"610100001688    ",1.0000000000000000e+00,253.7500,0.0000,253.7500,"03/08/17 00:00:00"
"610100001394    ",1.0500000000000000e+02,2491.1700,-124.5600,2366.6100,"03/08/17 00:00:00"
"610100001562    ",1.2000000000000000e+01,202.7500,0.0000,202.7500,"03/08/17 00:00:00"
"610100001704    ",4.0000000000000000e+00,1238.0000,0.0000,1238.0000,"03/08/17 00:00:00"
"610100001553    ",6.0000000000000000e+00,96.7500,0.0000,96.7500,"03/08/17 00:00:00"
"610100001170    ",1.2000000000000000e+01,273.0000,0.0000,273.0000,"03/08/17 00:00:00"
"610100001401    ",4.0000000000000000e+00,201.9900,0.0000,201.9900,"03/08/17 00:00:00"
"610100000180    ",6.0000000000000000e+00,146.8000,0.0000,146.8000,"03/08/17 00:00:00"
"610100000126    ",6.0000000000000000e+00,351.9900,0.0000,351.9900,"03/08/17 00:00:00"
"610100001633    ",9.1000000000000000e+01,4207.8900,-210.3900,3997.5000,"03/08/17 00:00:00"
"610100000028    ",1.0000000000000000e+00,778.9700,0.0000,778.9700,"03/08/17 00:00:00"
"610100000073    ",1.0000000000000000e+00,3.0000,0.0000,3.0000,"03/08/17 00:00:00"
"610100001624    ",2.0000000000000000e+00,124.0000,0.0000,124.0000,"03/08/17 00:00:00"
"610100001330    ",1.0000000000000000e+00,150.0000,0.0000,150.0000,"03/08/17 00:00:00"
"610100001580    ",1.0000000000000000e+00,-75.0000,0.0000,-75.0000,"03/08/17 00:00:00"
"610100001651    ",1.8000000000000000e+01,216.0500,0.0000,216.0500,"03/08/17 00:00:00"
"610100001214    ",8.0000000000000000e+00,263.9000,0.0000,263.9000,"03/08/17 00:00:00"
"610100001385    ",1.0000000000000000e+00,12060.9600,0.0000,12060.9600,"03/08/17 00:00:00"
"610100001642    ",1.1000000000000000e+01,179.7500,0.0000,179.7500,"03/08/17 00:00:00"
"610100001740    ",2.0000000000000000e+00,1161.3900,0.0000,1161.3900,"03/08/17 00:00:00"
"610100001517    ",5.0000000000000000e+00,188.2500,0.0000,188.2500,"03/08/17 00:00:00"
"610100001713    ",1.0000000000000000e+00,60.0000,0.0000,60.0000,"03/08/17 00:00:00"
"610100001759    ",3.5000000000000000e+01,297.9600,0.0000,297.9600,"03/08/17 00:00:00"
"610100001438    ",1.0000000000000000e+00,12.2500,0.0000,12.2500,"03/08/17 00:00:00"
"610100001544    ",3.0000000000000000e+00,50.0000,0.0000,50.0000,"03/08/17 00:00:00"
"610100001081    ",1.0000000000000000e+00,40.0000,0.0000,40.0000,"03/08/17 00:00:00"
"610100001456    ",1.0000000000000000e+00,240.0000,0.0000,240.0000,"03/08/17 00:00:00"
"610100001161    ",9.0000000000000000e+00,46.5000,0.0000,46.5000,"03/08/17 00:00:00"
"610100001456    ",1.0000000000000000e+00,25.0000,0.0000,25.0000,"03/09/17 00:00:00"
"610100002222    ",9.0000000000000000e+00,269.5500,-40.4300,229.1200,"03/09/17 00:00:00"
"610100000705    ",1.0000000000000000e+00,500.0000,0.0000,500.0000,"03/09/17 00:00:00"
"610100000714    ",1.0000000000000000e+00,1475.0000,0.0000,1475.0000,"03/09/17 00:00:00"
"610100001517    ",3.0000000000000000e+00,107.0000,0.0000,107.0000,"03/09/17 00:00:00"
"610100002259    ",3.0000000000000000e+00,135.0000,0.0000,135.0000,"03/09/17 00:00:00"
"610100000723    ",3.0000000000000000e+00,4130.0000,0.0000,4130.0000,"03/09/17 00:00:00"
"610100001599    ",5.0000000000000000e+00,56.5000,0.0000,56.5000,"03/09/17 00:00:00"
"610100002197    ",1.3000000000000000e+01,732.7400,0.0000,732.7400,"03/09/17 00:00:00"
"610100000368    ",8.0000000000000000e+00,153.3500,0.0000,153.3500,"03/09/17 00:00:00"
"610100001508    ",2.0000000000000000e+00,33.5000,0.0000,33.5000,"03/09/17 00:00:00"
"610100001330    ",2.0000000000000000e+00,445.0000,0.0000,445.0000,"03/09/17 00:00:00"
"610100000796    ",2.0000000000000000e+00,50.0000,0.0000,50.0000,"03/09/17 00:00:00"
"610100001624    ",5.0000000000000000e+00,571.0000,0.0000,571.0000,"03/09/17 00:00:00"
"610100002213    ",1.0000000000000000e+00,749.9900,-37.5000,712.4900,"03/09/17 00:00:00"
"610100000439    ",1.0000000000000000e+00,195.0000,0.0000,195.0000,"03/09/17 00:00:00"
"610100000778    ",1.0000000000000000e+00,1000.0000,0.0000,1000.0000,"03/09/17 00:00:00"
"610100000322    ",1.0000000000000000e+00,52.0000,0.0000,52.0000,"03/09/17 00:00:00"
"610100001401    ",1.0000000000000000e+00,42.0000,0.0000,42.0000,"03/09/17 00:00:00"
"610100000545    ",1.0000000000000000e+01,137.8000,0.0000,137.8000,"03/09/17 00:00:00"
"610100000493    ",4.0000000000000000e+00,721.1800,0.0000,721.1800,"03/09/17 00:00:00"
"610100000340    ",5.0000000000000000e+00,121.8000,0.0000,121.8000,"03/09/17 00:00:00"
"610100001553    ",7.0000000000000000e+00,140.0000,0.0000,140.0000,"03/09/17 00:00:00"
"610100002375    ",1.1000000000000000e+01,438.1400,0.0000,438.1400,"03/09/17 00:00:00"
"610100000359    ",6.0000000000000000e+00,50.1600,0.0000,50.1600,"03/09/17 00:00:00"
"610100000536    ",5.0000000000000000e+00,35.5000,0.0000,35.5000,"03/09/17 00:00:00"
"610100001438    ",5.0000000000000000e+00,73.2500,0.0000,73.2500,"03/09/17 00:00:00"
"610100002311    ",4.0000000000000000e+00,478.0000,0.0000,478.0000,"03/09/17 00:00:00"
"610100000331    ",1.6000000000000000e+01,512.6700,0.0000,512.6700,"03/09/17 00:00:00"
"610100001562    ",9.0000000000000000e+00,215.0000,0.0000,215.0000,"03/09/17 00:00:00"
"610100001544    ",6.0000000000000000e+00,86.5000,0.0000,86.5000,"03/09/17 00:00:00"
"610100002302    ",3.0000000000000000e+00,144.0600,0.0000,144.0600,"03/09/17 00:00:00"
"610100002357    ",1.1000000000000000e+01,597.3600,0.0000,597.3600,"03/09/17 00:00:00"
"610100001394    ",1.2600000000000000e+02,4257.7300,-212.8900,4044.8400,"03/09/17 00:00:00"
"610100001919    ",3.0000000000000000e+00,2550.0000,0.0000,2550.0000,"03/09/17 00:00:00"
"610100000947    ",1.0000000000000000e+00,25.0000,0.0000,25.0000,"03/09/17 00:00:00"
"610100001937    ",9.0000000000000000e+00,379.8200,-37.9800,341.8400,"03/09/17 00:00:00"
"610100001170    ",1.1000000000000000e+01,337.5000,0.0000,337.5000,"03/09/17 00:00:00"
"610100001893    ",3.0000000000000000e+00,200.3600,0.0000,200.3600,"03/09/17 00:00:00"
"610100000956    ",1.0000000000000000e+00,690.0000,0.0000,690.0000,"03/09/17 00:00:00"
"610100002286    ",1.0000000000000000e+00,1.0000,0.0000,1.0000,"03/09/17 00:00:00"
"610100001946    ",2.0000000000000000e+00,2516.3500,0.0000,2516.3500,"03/09/17 00:00:00"
"610100001189    ",1.8000000000000000e+01,2077.7500,0.0000,2077.7500,"03/09/17 00:00:00"
"610100000910    ",3.0000000000000000e+00,278.0000,0.0000,278.0000,"03/09/17 00:00:00"
"610100001955    ",3.9000000000000000e+01,1007.1000,-100.7100,906.3900,"03/09/17 00:00:00"
"610100000279    ",1.9000000000000000e+01,171.2500,0.0000,171.2500,"03/09/17 00:00:00"
"610100000938    ",5.0000000000000000e+00,121.5000,0.0000,121.5000,"03/09/17 00:00:00"
"610100001697    ",1.4000000000000000e+02,14372.7500,0.0000,14372.7500,"03/09/17 00:00:00"
"610100001027    ",1.0000000000000000e+00,85.0000,0.0000,85.0000,"03/09/17 00:00:00"
"610100001795    ",1.6000000000000000e+01,532.0500,0.0000,532.0500,"03/09/17 00:00:00"
"610100000224    ",3.0000000000000000e+00,290.6100,0.0000,290.6100,"03/09/17 00:00:00"
"610100001704    ",1.0000000000000000e+00,42.0000,0.0000,42.0000,"03/09/17 00:00:00"
"610100001777    ",5.0000000000000000e+00,133.3300,0.0000,133.3300,"03/09/17 00:00:00"
"610100001786    ",3.0000000000000000e+00,192.0000,0.0000,192.0000,"03/09/17 00:00:00"
"610100001759    ",2.3000000000000000e+01,178.6600,0.0000,178.6600,"03/09/17 00:00:00"
"610100000242    ",2.0000000000000000e+00,369.5200,0.0000,369.5200,"03/09/17 00:00:00"
"610100000974    ",7.0000000000000000e+00,389.4900,0.0000,389.4900,"03/09/17 00:00:00"
"610100001848    ",9.0000000000000000e+00,1222.0000,0.0000,1222.0000,"03/09/17 00:00:00"
"610100001875    ",6.5000000000000000e+01,8214.7800,0.0000,8214.7800,"03/09/17 00:00:00"
"610100001161    ",1.5000000000000000e+01,89.8700,0.0000,89.8700,"03/09/17 00:00:00"
"610100001857    ",2.0000000000000000e+00,526.0000,0.0000,526.0000,"03/09/17 00:00:00"
"610100000983    ",1.0000000000000000e+00,450.0000,0.0000,450.0000,"03/09/17 00:00:00"
"610100001740    ",1.0000000000000000e+00,281.8200,0.0000,281.8200,"03/09/17 00:00:00"
"610100000180    ",3.0000000000000000e+00,49.0000,0.0000,49.0000,"03/09/17 00:00:00"
"610100000965    ",5.0000000000000000e+00,142.0000,0.0000,142.0000,"03/09/17 00:00:00"
"610100002017    ",5.0000000000000000e+00,114.5000,0.0000,114.5000,"03/09/17 00:00:00"
"610100000821    ",3.0000000000000000e+00,82.9100,0.0000,82.9100,"03/09/17 00:00:00"
"610100001642    ",1.0000000000000000e+00,20.0000,0.0000,20.0000,"03/09/17 00:00:00"
"610100001214    ",3.0000000000000000e+00,220.0000,0.0000,220.0000,"03/09/17 00:00:00"
"610100000288    ",1.0000000000000000e+00,71.5000,0.0000,71.5000,"03/09/17 00:00:00"
"610100001250    ",4.0000000000000000e+00,336.0000,0.0000,336.0000,"03/09/17 00:00:00"
"610100000867    ",2.0000000000000000e+00,2374.0000,0.0000,2374.0000,"03/09/17 00:00:00"
"610100002099    ",5.0000000000000000e+00,356.6200,0.0000,356.6200,"03/09/17 00:00:00"
"610100000126    ",2.0000000000000000e+00,8.0500,0.0000,8.0500,"03/09/17 00:00:00"
"610100001633    ",7.6000000000000000e+01,3477.8000,-173.8900,3303.9100,"03/09/17 00:00:00"
"610100000073    ",2.0000000000000000e+00,9.0000,0.0000,9.0000,"03/09/17 00:00:00"
"610100000858    ",5.0000000000000000e+00,324.0000,0.0000,324.0000,"03/09/17 00:00:00"
"610100001269    ",1.8000000000000000e+01,2951.8600,0.0000,2951.8600,"03/09/17 00:00:00"
"610100001651    ",2.0000000000000000e+00,22.7500,0.0000,22.7500,"03/09/17 00:00:00"
"610100000368    ",6.0000000000000000e+00,135.2000,0.0000,135.2000,"03/10/17 00:00:00"
"610100000180    ",4.0000000000000000e+00,211.4000,0.0000,211.4000,"03/10/17 00:00:00"
"610100000313    ",6.0000000000000000e+00,103.7500,0.0000,103.7500,"03/10/17 00:00:00"
"610100000224    ",6.0000000000000000e+00,255.1500,0.0000,255.1500,"03/10/17 00:00:00"
"610100000322    ",1.0000000000000000e+01,916.1700,0.0000,916.1700,"03/10/17 00:00:00"
"610100000340    ",4.0000000000000000e+00,156.1500,0.0000,156.1500,"03/10/17 00:00:00"
"610100000288    ",1.0000000000000000e+00,36.0000,0.0000,36.0000,"03/10/17 00:00:00"
"610100000331    ",1.0000000000000000e+01,273.1200,0.0000,273.1200,"03/10/17 00:00:00"
"610100000279    ",3.8000000000000000e+01,299.5000,0.0000,299.5000,"03/10/17 00:00:00"
"610100000171    ",1.0000000000000000e+00,550.0000,0.0000,550.0000,"03/10/17 00:00:00"
"610100000242    ",2.0000000000000000e+00,1110.9700,0.0000,1110.9700,"03/10/17 00:00:00"
"610100000359    ",1.7000000000000000e+01,164.8800,0.0000,164.8800,"03/10/17 00:00:00"
"610100001633    ",8.3000000000000000e+01,3662.5900,-183.1300,3479.4600,"03/10/17 00:00:00"
"610100000858    ",4.0000000000000000e+00,366.2800,0.0000,366.2800,"03/10/17 00:00:00"
"610100002099    ",2.5000000000000000e+01,1356.2500,0.0000,1356.2500,"03/10/17 00:00:00"
"610100002017    ",9.0000000000000000e+00,279.2500,0.0000,279.2500,"03/10/17 00:00:00"
"610100000821    ",4.0000000000000000e+00,201.3500,0.0000,201.3500,"03/10/17 00:00:00"
"610100001189    ",2.9000000000000000e+01,2769.5500,0.0000,2769.5500,"03/10/17 00:00:00"
"610100001651    ",1.1000000000000000e+01,151.7500,0.0000,151.7500,"03/10/17 00:00:00"
"610100002222    ",2.0000000000000000e+00,59.9000,-8.9800,50.9200,"03/10/17 00:00:00"
"610100001955    ",5.0000000000000000e+01,1550.6800,-310.1400,1240.5400,"03/10/17 00:00:00"
"610100001198    ",8.0000000000000000e+00,9853.8500,0.0000,9853.8500,"03/10/17 00:00:00"
"610100001214    ",4.0000000000000000e+00,282.0000,0.0000,282.0000,"03/10/17 00:00:00"
"610100001642    ",1.0000000000000000e+00,30.0000,0.0000,30.0000,"03/10/17 00:00:00"
"610100000867    ",2.0000000000000000e+00,964.2600,0.0000,964.2600,"03/10/17 00:00:00"
"610100001330    ",2.0000000000000000e+00,300.0000,0.0000,300.0000,"03/10/17 00:00:00"
"610100000778    ",1.0000000000000000e+00,45.0000,0.0000,45.0000,"03/10/17 00:00:00"
"610100001599    ",5.0000000000000000e+00,75.5000,0.0000,75.5000,"03/10/17 00:00:00"
"610100002197    ",1.0000000000000000e+01,789.6100,0.0000,789.6100,"03/10/17 00:00:00"
"610100000769    ",1.0000000000000000e+00,618.0000,0.0000,618.0000,"03/10/17 00:00:00"
"610100001786    ",5.0000000000000000e+00,289.0000,0.0000,289.0000,"03/10/17 00:00:00"
"610100002115    ",1.0000000000000000e+00,250.0000,0.0000,250.0000,"03/10/17 00:00:00"
"610100001269    ",1.4000000000000000e+01,1610.5300,0.0000,1610.5300,"03/10/17 00:00:00"
"610100002160    ",5.0000000000000000e+00,867.9300,0.0000,867.9300,"03/10/17 00:00:00"
"610100000910    ",5.0000000000000000e+00,208.0000,0.0000,208.0000,"03/10/17 00:00:00"
"610100001919    ",2.0000000000000000e+00,1700.0000,0.0000,1700.0000,"03/10/17 00:00:00"
"610100000796    ",3.0000000000000000e+00,68.0000,0.0000,68.0000,"03/10/17 00:00:00"
"610100001624    ",8.0000000000000000e+00,483.0000,0.0000,483.0000,"03/10/17 00:00:00"
"610100000974    ",2.0000000000000000e+00,189.2500,0.0000,189.2500,"03/10/17 00:00:00"
"610100001866    ",1.8000000000000000e+01,375.5000,0.0000,375.5000,"03/10/17 00:00:00"
"610100001740    ",1.0000000000000000e+00,1022.9800,0.0000,1022.9800,"03/10/17 00:00:00"
"610100000965    ",1.0000000000000000e+01,204.5000,0.0000,204.5000,"03/10/17 00:00:00"
"610100001875    ",6.5000000000000000e+01,7220.3500,0.0000,7220.3500,"03/10/17 00:00:00"
"610100001161    ",1.9000000000000000e+01,244.3000,0.0000,244.3000,"03/10/17 00:00:00"
"610100001839    ",1.0000000000000000e+00,175.0000,0.0000,175.0000,"03/10/17 00:00:00"
"610100001795    ",2.6000000000000000e+01,852.7000,0.0000,852.7000,"03/10/17 00:00:00"
"610100001759    ",2.6000000000000000e+01,278.4700,0.0000,278.4700,"03/10/17 00:00:00"
"610100001009    ",1.0000000000000000e+00,6.3000,0.0000,6.3000,"03/10/17 00:00:00"
"610100001937    ",1.3000000000000000e+01,829.6400,-82.9600,746.6800,"03/10/17 00:00:00"
"610100001697    ",1.1100000000000000e+02,11039.5600,0.0000,11039.5600,"03/10/17 00:00:00"
"610100000938    ",2.0000000000000000e+00,95.0000,0.0000,95.0000,"03/10/17 00:00:00"
"610100001946    ",3.0000000000000000e+00,223.1400,0.0000,223.1400,"03/10/17 00:00:00"
"610100001893    ",1.0000000000000000e+00,245.2900,0.0000,245.2900,"03/10/17 00:00:00"
"610100001704    ",5.0000000000000000e+00,397.0000,0.0000,397.0000,"03/10/17 00:00:00"
"610100001170    ",1.5000000000000000e+01,314.5000,0.0000,314.5000,"03/10/17 00:00:00"
"610100002400    ",2.5000000000000000e+01,237.8000,0.0000,237.8000,"03/10/17 00:00:00"
"610100001544    ",2.0000000000000000e+00,61.0000,0.0000,61.0000,"03/10/17 00:00:00"
"610100002366    ",3.0000000000000000e+00,22.2500,0.0000,22.2500,"03/10/17 00:00:00"
"610100002357    ",1.0000000000000000e+01,427.7200,0.0000,427.7200,"03/10/17 00:00:00"
"610100000661    ",2.0000000000000000e+00,50.0000,0.0000,50.0000,"03/10/17 00:00:00"
"610100001376    ",1.0000000000000000e+00,25.0000,0.0000,25.0000,"03/10/17 00:00:00"
"610100001553    ",1.0000000000000000e+00,25.0000,0.0000,25.0000,"03/10/17 00:00:00"
"610100000545    ",7.0000000000000000e+00,102.1500,0.0000,102.1500,"03/10/17 00:00:00"
"610100002375    ",1.6000000000000000e+01,334.9700,0.0000,334.9700,"03/10/17 00:00:00"
"610100000386    ",1.0000000000000000e+00,225.0000,0.0000,225.0000,"03/10/17 00:00:00"
"610100001517    ",1.1000000000000000e+01,321.7500,0.0000,321.7500,"03/10/17 00:00:00"
"610100001456    ",5.0000000000000000e+00,2727.8800,0.0000,2727.8800,"03/10/17 00:00:00"
"610100000493    ",9.0000000000000000e+00,2380.7300,0.0000,2380.7300,"03/10/17 00:00:00"
"610100001438    ",6.0000000000000000e+00,135.0000,0.0000,135.0000,"03/10/17 00:00:00"
"610100001526    ",1.0000000000000000e+00,104.7000,0.0000,104.7000,"03/10/17 00:00:00"
"610100002311    ",1.0000000000000000e+00,1380.0000,0.0000,1380.0000,"03/10/17 00:00:00"
"610100002259    ",1.4000000000000000e+01,298.0000,0.0000,298.0000,"03/10/17 00:00:00"
"610100000689    ",2.0000000000000000e+00,312.0000,0.0000,312.0000,"03/10/17 00:00:00"
"610100001385    ",2.0000000000000000e+00,2463.3300,0.0000,2463.3300,"03/10/17 00:00:00"
"610100001580    ",1.0000000000000000e+00,-21.9900,0.0000,-21.9900,"03/10/17 00:00:00"
"610100001562    ",1.2000000000000000e+01,267.7500,0.0000,267.7500,"03/10/17 00:00:00"
"610100001571    ",1.0000000000000000e+00,19.0000,0.0000,19.0000,"03/10/17 00:00:00"
"610100002302    ",6.0000000000000000e+00,111.4000,0.0000,111.4000,"03/10/17 00:00:00"
"610100001394    ",1.4000000000000000e+02,3931.5600,-196.5800,3734.9800,"03/10/17 00:00:00"
"610100001599    ",2.0000000000000000e+00,32.0000,0.0000,32.0000,"03/11/17 00:00:00"
"610100001526    ",2.0000000000000000e+00,611.0500,0.0000,611.0500,"03/11/17 00:00:00"
"610100000180    ",8.0000000000000000e+00,478.8000,0.0000,478.8000,"03/11/17 00:00:00"
"610100001704    ",2.0000000000000000e+00,155.0000,0.0000,155.0000,"03/11/17 00:00:00"
"610100001759    ",1.6000000000000000e+01,206.6600,0.0000,206.6600,"03/11/17 00:00:00"
"610100001054    ",1.0000000000000000e+00,24.2000,-2.4200,21.7800,"03/11/17 00:00:00"
"610100001161    ",1.4000000000000000e+01,67.5100,0.0000,67.5100,"03/11/17 00:00:00"
"610100001517    ",1.6000000000000000e+01,607.4500,0.0000,607.4500,"03/11/17 00:00:00"
"610100001438    ",6.0000000000000000e+00,294.7500,0.0000,294.7500,"03/11/17 00:00:00"
"610100001633    ",3.6000000000000000e+01,1953.4800,-97.6700,1855.8100,"03/11/17 00:00:00"
"610100001651    ",1.1000000000000000e+01,163.7500,0.0000,163.7500,"03/11/17 00:00:00"
"610100001189    ",3.0000000000000000e+01,2743.6900,0.0000,2743.6900,"03/11/17 00:00:00"
"610100001214    ",7.0000000000000000e+00,171.5000,0.0000,171.5000,"03/11/17 00:00:00"
"610100001553    ",4.2000000000000000e+01,900.2500,0.0000,900.2500,"03/11/17 00:00:00"
"610100000126    ",3.0000000000000000e+00,48.3000,0.0000,48.3000,"03/11/17 00:00:00"
"610100001394    ",8.6000000000000000e+01,2776.9900,-138.8500,2638.1400,"03/11/17 00:00:00"
"610100001642    ",1.0000000000000000e+00,14.2500,0.0000,14.2500,"03/11/17 00:00:00"
"610100001697    ",1.5900000000000000e+02,21752.2900,0.0000,21752.2900,"03/11/17 00:00:00"
"610100001562    ",1.1000000000000000e+01,198.0000,0.0000,198.0000,"03/11/17 00:00:00"
"610100001269    ",2.9000000000000000e+01,2412.2200,0.0000,2412.2200,"03/11/17 00:00:00"
"610100001170    ",1.0000000000000000e+00,13.5000,0.0000,13.5000,"03/11/17 00:00:00"
"610100001544    ",9.0000000000000000e+00,122.0000,0.0000,122.0000,"03/11/17 00:00:00"
"610100002259    ",1.1000000000000000e+01,445.0000,0.0000,445.0000,"03/11/17 00:00:00"
"610100002302    ",2.0000000000000000e+00,58.4100,0.0000,58.4100,"03/11/17 00:00:00"
"610100000313    ",2.1000000000000000e+01,415.2500,0.0000,415.2500,"03/11/17 00:00:00"
"610100000796    ",1.0000000000000000e+00,25.0000,0.0000,25.0000,"03/11/17 00:00:00"
"610100000322    ",2.0000000000000000e+00,478.9900,0.0000,478.9900,"03/11/17 00:00:00"
"610100002213    ",1.0000000000000000e+00,1263.3300,-63.1700,1200.1600,"03/11/17 00:00:00"
"610100000778    ",1.0000000000000000e+00,90.0000,0.0000,90.0000,"03/11/17 00:00:00"
"610100002197    ",5.0000000000000000e+00,424.8700,0.0000,424.8700,"03/11/17 00:00:00"
"610100000493    ",3.0000000000000000e+00,389.9000,0.0000,389.9000,"03/11/17 00:00:00"
"610100000475    ",2.0000000000000000e+00,171.8200,0.0000,171.8200,"03/11/17 00:00:00"
"610100000368    ",6.0000000000000000e+00,124.3000,0.0000,124.3000,"03/11/17 00:00:00"
"610100002160    ",1.0000000000000000e+00,87.3800,0.0000,87.3800,"03/11/17 00:00:00"
"610100000331    ",1.7000000000000000e+01,531.5000,0.0000,531.5000,"03/11/17 00:00:00"
"610100002357    ",7.0000000000000000e+00,578.5800,0.0000,578.5800,"03/11/17 00:00:00"
"610100000545    ",9.0000000000000000e+00,102.5500,0.0000,102.5500,"03/11/17 00:00:00"
"610100002375    ",7.0000000000000000e+00,195.0800,0.0000,195.0800,"03/11/17 00:00:00"
"610100002400    ",4.2000000000000000e+01,595.2200,0.0000,595.2200,"03/11/17 00:00:00"
"610100000536    ",5.0000000000000000e+00,76.2500,0.0000,76.2500,"03/11/17 00:00:00"
"610100000359    ",1.6000000000000000e+01,120.0000,0.0000,120.0000,"03/11/17 00:00:00"
"610100000279    ",4.4000000000000000e+01,343.2500,0.0000,343.2500,"03/11/17 00:00:00"
"610100001875    ",1.7000000000000000e+01,2202.5900,0.0000,2202.5900,"03/11/17 00:00:00"
"610100002188    ",3.2000000000000000e+01,9509.0100,0.0000,9509.0100,"03/11/17 00:00:00"
"610100001937    ",2.0000000000000000e+00,79.9600,-8.0000,71.9600,"03/11/17 00:00:00"
"610100000938    ",1.0000000000000000e+00,52.0000,0.0000,52.0000,"03/11/17 00:00:00"
"610100001946    ",2.0000000000000000e+00,99.8000,0.0000,99.8000,"03/11/17 00:00:00"
"610100001795    ",4.9000000000000000e+01,1880.1000,0.0000,1880.1000,"03/11/17 00:00:00"
"610100000224    ",8.0000000000000000e+00,300.1500,0.0000,300.1500,"03/11/17 00:00:00"
"610100001866    ",3.0000000000000000e+01,762.5500,0.0000,762.5500,"03/11/17 00:00:00"
"610100002017    ",8.0000000000000000e+00,310.5000,0.0000,310.5000,"03/11/17 00:00:00"
"610100001991    ",1.5000000000000000e+01,608.4900,0.0000,608.4900,"03/11/17 00:00:00"
"610100001955    ",3.9000000000000000e+01,1324.9200,-264.9800,1059.9400,"03/11/17 00:00:00"
"610100000910    ",6.0000000000000000e+00,767.0000,0.0000,767.0000,"03/11/17 00:00:00"
"610100002099    ",1.8000000000000000e+01,1531.3400,0.0000,1531.3400,"03/11/17 00:00:00"
"610100000821    ",2.0000000000000000e+00,52.9500,0.0000,52.9500,"03/11/17 00:00:00"
"610100002017    ",4.0000000000000000e+00,133.5000,0.0000,133.5000,"03/12/17 00:00:00"
"610100000279    ",3.4000000000000000e+01,361.0000,0.0000,361.0000,"03/12/17 00:00:00"
"610100000340    ",1.8000000000000000e+01,513.9000,0.0000,513.9000,"03/12/17 00:00:00"
"610100002053    ",4.0000000000000000e+00,238.0000,0.0000,238.0000,"03/12/17 00:00:00"
"610100001250    ",1.0000000000000000e+00,150.0000,0.0000,150.0000,"03/12/17 00:00:00"
"610100001633    ",5.1000000000000000e+01,2767.4300,-138.3700,2629.0600,"03/12/17 00:00:00"
"610100001438    ",4.0000000000000000e+00,99.5000,0.0000,99.5000,"03/12/17 00:00:00"
"610100001651    ",4.0000000000000000e+00,70.0000,0.0000,70.0000,"03/12/17 00:00:00"
"610100000331    ",1.4000000000000000e+01,431.3500,0.0000,431.3500,"03/12/17 00:00:00"
"610100000313    ",1.1000000000000000e+01,267.7500,0.0000,267.7500,"03/12/17 00:00:00"
"610100001562    ",2.0000000000000000e+01,396.2500,0.0000,396.2500,"03/12/17 00:00:00"
"610100001189    ",1.6000000000000000e+01,1716.6000,0.0000,1716.6000,"03/12/17 00:00:00"
"610100002197    ",8.0000000000000000e+00,595.6100,0.0000,595.6100,"03/12/17 00:00:00"
"610100001599    ",1.0000000000000000e+00,14.0000,0.0000,14.0000,"03/12/17 00:00:00"
"610100001571    ",5.0000000000000000e+00,105.0000,0.0000,105.0000,"03/12/17 00:00:00"
"610100001394    ",6.5000000000000000e+01,2314.6400,-115.7300,2198.9100,"03/12/17 00:00:00"
"610100000689    ",1.0000000000000000e+00,300.0000,0.0000,300.0000,"03/12/17 00:00:00"
"610100001161    ",1.2000000000000000e+01,101.3200,0.0000,101.3200,"03/12/17 00:00:00"
"610100001553    ",3.7000000000000000e+01,864.0000,0.0000,864.0000,"03/12/17 00:00:00"
"610100002400    ",3.6000000000000000e+01,485.8800,0.0000,485.8800,"03/12/17 00:00:00"
"610100001759    ",1.9000000000000000e+01,199.4700,0.0000,199.4700,"03/12/17 00:00:00"
"610100001795    ",3.8000000000000000e+01,1008.7500,0.0000,1008.7500,"03/12/17 00:00:00"
"610100000778    ",1.0000000000000000e+00,75.0000,0.0000,75.0000,"03/12/17 00:00:00"
"610100001517    ",3.0000000000000000e+00,63.7500,0.0000,63.7500,"03/12/17 00:00:00"
"610100001544    ",3.0000000000000000e+00,41.0000,0.0000,41.0000,"03/12/17 00:00:00"
"610100000698    ",2.0000000000000000e+00,38.0000,0.0000,38.0000,"03/12/17 00:00:00"
"610100001866    ",2.7000000000000000e+01,542.5000,0.0000,542.5000,"03/12/17 00:00:00"
"610100001697    ",1.5100000000000000e+02,24553.7000,0.0000,24553.7000,"03/12/17 00:00:00"
"610100000368    ",6.0000000000000000e+00,160.0000,0.0000,160.0000,"03/12/17 00:00:00"
"610100001170    ",1.0000000000000000e+00,165.0000,0.0000,165.0000,"03/12/17 00:00:00"
"610100001937    ",1.0000000000000000e+00,-39.9800,0.0000,-39.9800,"03/12/17 00:00:00"
"610100000359    ",8.0000000000000000e+00,69.5000,0.0000,69.5000,"03/12/17 00:00:00"
"610100001955    ",4.9000000000000000e+01,1759.6500,-351.9300,1407.7200,"03/12/17 00:00:00"
"610100001544    ",2.0000000000000000e+00,40.5000,0.0000,40.5000,"03/13/17 00:00:00"
"610100002302    ",2.0000000000000000e+00,40.0000,0.0000,40.0000,"03/13/17 00:00:00"
"610100001562    ",1.1000000000000000e+01,177.2500,0.0000,177.2500,"03/13/17 00:00:00"
"610100002115    ",2.0000000000000000e+00,480.0000,0.0000,480.0000,"03/13/17 00:00:00"
"610100002375    ",1.0000000000000000e+01,296.2900,0.0000,296.2900,"03/13/17 00:00:00"
"610100002366    ",3.0000000000000000e+00,30.3800,0.0000,30.3800,"03/13/17 00:00:00"
"610100002384    ",1.0000000000000000e+00,0.5000,0.0000,0.5000,"03/13/17 00:00:00"
"610100002339    ",1.0000000000000000e+00,1.0000,0.0000,1.0000,"03/13/17 00:00:00"
"610100002357    ",5.0000000000000000e+00,133.4300,0.0000,133.4300,"03/13/17 00:00:00"
"610100001919    ",4.0000000000000000e+00,3050.0000,0.0000,3050.0000,"03/13/17 00:00:00"
"610100001697    ",1.0800000000000000e+02,15618.3100,0.0000,15618.3100,"03/13/17 00:00:00"
"610100001866    ",1.4000000000000000e+01,336.2900,0.0000,336.2900,"03/13/17 00:00:00"
"610100001937    ",1.5000000000000000e+01,379.8800,-43.9800,335.9000,"03/13/17 00:00:00"
"610100001955    ",4.2000000000000000e+01,1190.9500,-238.1900,952.7600,"03/13/17 00:00:00"
"610100001759    ",2.6000000000000000e+01,169.7300,0.0000,169.7300,"03/13/17 00:00:00"
"610100001740    ",2.0000000000000000e+00,765.4100,0.0000,765.4100,"03/13/17 00:00:00"
"610100001795    ",1.3000000000000000e+01,306.4500,0.0000,306.4500,"03/13/17 00:00:00"
"610100001704    ",1.0000000000000000e+00,96.0000,0.0000,96.0000,"03/13/17 00:00:00"
"610100001991    ",1.4000000000000000e+01,399.1300,0.0000,399.1300,"03/13/17 00:00:00"
"610100001599    ",2.0000000000000000e+00,12.0000,0.0000,12.0000,"03/13/17 00:00:00"
"610100002197    ",1.1000000000000000e+01,886.6100,0.0000,886.6100,"03/13/17 00:00:00"
"610100001624    ",4.0000000000000000e+00,946.0000,0.0000,946.0000,"03/13/17 00:00:00"
"610100002160    ",5.0000000000000000e+00,1386.5500,0.0000,1386.5500,"03/13/17 00:00:00"
"610100002222    ",7.0000000000000000e+00,209.6500,-31.4500,178.2000,"03/13/17 00:00:00"
"610100002259    ",7.0000000000000000e+00,250.0000,0.0000,250.0000,"03/13/17 00:00:00"
"610100001580    ",2.0000000000000000e+00,54.9800,-5.5000,49.4800,"03/13/17 00:00:00"
"610100002008    ",1.0000000000000000e+00,2832.0000,0.0000,2832.0000,"03/13/17 00:00:00"
"610100002017    ",5.0000000000000000e+00,141.0000,0.0000,141.0000,"03/13/17 00:00:00"
"610100002026    ",7.0000000000000000e+00,2602.0300,0.0000,2602.0300,"03/13/17 00:00:00"
"610100000974    ",3.0000000000000000e+00,356.6600,0.0000,356.6600,"03/13/17 00:00:00"
"610100002099    ",1.3000000000000000e+01,668.3600,0.0000,668.3600,"03/13/17 00:00:00"
"610100001633    ",6.5000000000000000e+01,2603.8500,-130.1900,2473.6600,"03/13/17 00:00:00"
"610100001330    ",2.0000000000000000e+00,210.0000,0.0000,210.0000,"03/13/17 00:00:00"
"610100000493    ",3.0000000000000000e+00,599.4300,0.0000,599.4300,"03/13/17 00:00:00"
"610100001269    ",1.9000000000000000e+01,905.3400,0.0000,905.3400,"03/13/17 00:00:00"
"610100000545    ",6.0000000000000000e+00,58.8500,0.0000,58.8500,"03/13/17 00:00:00"
"610100001385    ",1.0000000000000000e+00,2535.0000,0.0000,2535.0000,"03/13/17 00:00:00"
"610100000028    ",2.0000000000000000e+00,2498.6100,0.0000,2498.6100,"03/13/17 00:00:00"
"610100000536    ",6.0000000000000000e+00,168.2500,0.0000,168.2500,"03/13/17 00:00:00"
"610100000359    ",5.0000000000000000e+00,28.0000,0.0000,28.0000,"03/13/17 00:00:00"
"610100000288    ",3.0000000000000000e+00,217.0000,0.0000,217.0000,"03/13/17 00:00:00"
"610100001170    ",1.7000000000000000e+01,498.2500,0.0000,498.2500,"03/13/17 00:00:00"
"610100001189    ",1.1000000000000000e+01,1481.4000,0.0000,1481.4000,"03/13/17 00:00:00"
"610100000340    ",8.0000000000000000e+00,196.5000,0.0000,196.5000,"03/13/17 00:00:00"
"610100000313    ",6.0000000000000000e+00,479.7500,0.0000,479.7500,"03/13/17 00:00:00"
"610100000322    ",1.1000000000000000e+01,435.8800,0.0000,435.8800,"03/13/17 00:00:00"
"610100000331    ",1.0000000000000000e+01,228.7100,0.0000,228.7100,"03/13/17 00:00:00"
"610100000180    ",1.3000000000000000e+01,642.0000,0.0000,642.0000,"03/13/17 00:00:00"
"610100000448    ",1.0000000000000000e+00,56.9400,0.0000,56.9400,"03/13/17 00:00:00"
"610100001161    ",1.0000000000000000e+01,63.1800,0.0000,63.1800,"03/13/17 00:00:00"
"610100000126    ",2.0000000000000000e+00,37.0000,0.0000,37.0000,"03/13/17 00:00:00"
"610100000439    ",1.0000000000000000e+00,275.0000,0.0000,275.0000,"03/13/17 00:00:00"
"610100000279    ",2.4000000000000000e+01,155.8500,0.0000,155.8500,"03/13/17 00:00:00"
"610100001517    ",5.0000000000000000e+00,121.7500,0.0000,121.7500,"03/13/17 00:00:00"
"610100000224    ",4.0000000000000000e+00,474.9500,0.0000,474.9500,"03/13/17 00:00:00"
"610100000368    ",7.0000000000000000e+00,170.3500,0.0000,170.3500,"03/13/17 00:00:00"
"610100001214    ",5.0000000000000000e+00,60.9000,0.0000,60.9000,"03/13/17 00:00:00"
"610100001456    ",3.0000000000000000e+00,336.9400,0.0000,336.9400,"03/13/17 00:00:00"
"610100000858    ",6.0000000000000000e+00,508.0000,0.0000,508.0000,"03/13/17 00:00:00"
"610100001394    ",1.2600000000000000e+02,3889.0600,-194.4500,3694.6100,"03/13/17 00:00:00"
"610100001401    ",1.0000000000000000e+00,87.0000,0.0000,87.0000,"03/13/17 00:00:00"
"610100000821    ",5.0000000000000000e+00,110.8700,0.0000,110.8700,"03/13/17 00:00:00"
"610100000796    ",4.0000000000000000e+00,218.0700,0.0000,218.0700,"03/13/17 00:00:00"
"610100001438    ",4.0000000000000000e+00,53.0000,0.0000,53.0000,"03/13/17 00:00:00"
"610100000910    ",3.0000000000000000e+00,134.9000,0.0000,134.9000,"03/13/17 00:00:00"
"610100000983    ",4.0000000000000000e+00,2920.0000,0.0000,2920.0000,"03/13/17 00:00:00"
"610100000778    ",2.0000000000000000e+00,226.0000,0.0000,226.0000,"03/13/17 00:00:00"
"610100001036    ",1.0000000000000000e+00,293.2600,0.0000,293.2600,"03/13/17 00:00:00"
"610100000750    ",1.0000000000000000e+00,100.0000,0.0000,100.0000,"03/13/17 00:00:00"
"610100000689    ",1.0000000000000000e+00,174.0000,0.0000,174.0000,"03/13/17 00:00:00"
"610100000484    ",1.0000000000000000e+00,342.6300,0.0000,342.6300,"03/14/17 00:00:00"
"610100000340    ",5.0000000000000000e+00,130.6500,0.0000,130.6500,"03/14/17 00:00:00"
"610100000331    ",1.4000000000000000e+01,459.6100,0.0000,459.6100,"03/14/17 00:00:00"
"610100000821    ",3.0000000000000000e+00,61.5100,0.0000,61.5100,"03/14/17 00:00:00"
"610100000910    ",3.0000000000000000e+00,58.8500,0.0000,58.8500,"03/14/17 00:00:00"
"610100001170    ",1.8000000000000000e+01,533.2000,0.0000,533.2000,"03/14/17 00:00:00"
"610100000938    ",4.0000000000000000e+00,285.0000,0.0000,285.0000,"03/14/17 00:00:00"
"610100000974    ",3.0000000000000000e+00,95.0000,0.0000,95.0000,"03/14/17 00:00:00"
"610100000965    ",9.0000000000000000e+00,353.7500,0.0000,353.7500,"03/14/17 00:00:00"
"610100001697    ",1.1400000000000000e+02,16989.2900,0.0000,16989.2900,"03/14/17 00:00:00"
"610100000778    ",1.0000000000000000e+00,95.0000,0.0000,95.0000,"03/14/17 00:00:00"
"610100001027    ",1.0000000000000000e+00,85.0000,0.0000,85.0000,"03/14/17 00:00:00"
"610100000475    ",1.0000000000000000e+00,1293.4200,0.0000,1293.4200,"03/14/17 00:00:00"
"610100001704    ",4.0000000000000000e+00,473.0000,0.0000,473.0000,"03/14/17 00:00:00"
"610100001161    ",7.0000000000000000e+00,54.6400,0.0000,54.6400,"03/14/17 00:00:00"
"610100000536    ",2.0000000000000000e+00,22.5000,0.0000,22.5000,"03/14/17 00:00:00"
"610100000368    ",4.0000000000000000e+00,117.3500,0.0000,117.3500,"03/14/17 00:00:00"
"610100000858    ",6.0000000000000000e+00,572.0000,0.0000,572.0000,"03/14/17 00:00:00"
"610100000867    ",2.0000000000000000e+00,179.4000,0.0000,179.4000,"03/14/17 00:00:00"
"610100001125    ",1.0000000000000000e+00,79.8000,0.0000,79.8000,"03/14/17 00:00:00"
"610100000983    ",1.0000000000000000e+00,125.0000,0.0000,125.0000,"03/14/17 00:00:00"
"610100000359    ",8.0000000000000000e+00,44.5000,0.0000,44.5000,"03/14/17 00:00:00"
"610100001036    ",1.0000000000000000e+00,144.4200,0.0000,144.4200,"03/14/17 00:00:00"
"610100000493    ",3.0000000000000000e+00,379.6000,0.0000,379.6000,"03/14/17 00:00:00"
"610100000545    ",1.6000000000000000e+01,219.3200,0.0000,219.3200,"03/14/17 00:00:00"
"610100001394    ",1.4500000000000000e+02,3768.7900,-188.4400,3580.3500,"03/14/17 00:00:00"
"610100001571    ",1.0000000000000000e+00,7.7500,0.0000,7.7500,"03/14/17 00:00:00"
"610100001580    ",2.0000000000000000e+00,43.9800,-4.4000,39.5800,"03/14/17 00:00:00"
"610100001492    ",1.0000000000000000e+00,222.0000,0.0000,222.0000,"03/14/17 00:00:00"
"610100001517    ",5.0000000000000000e+00,106.7500,0.0000,106.7500,"03/14/17 00:00:00"
"610100001544    ",5.0000000000000000e+00,116.2500,0.0000,116.2500,"03/14/17 00:00:00"
"610100001553    ",3.0000000000000000e+00,49.0000,0.0000,49.0000,"03/14/17 00:00:00"
"610100001562    ",5.0000000000000000e+00,67.5000,0.0000,67.5000,"03/14/17 00:00:00"
"610100001214    ",4.0000000000000000e+00,524.0000,0.0000,524.0000,"03/14/17 00:00:00"
"610100000224    ",3.0000000000000000e+00,132.1400,0.0000,132.1400,"03/14/17 00:00:00"
"610100000242    ",2.0000000000000000e+00,690.5300,0.0000,690.5300,"03/14/17 00:00:00"
"610100001633    ",6.3000000000000000e+01,2561.8500,-128.0900,2433.7600,"03/14/17 00:00:00"
"610100000180    ",6.0000000000000000e+00,181.2000,0.0000,181.2000,"03/14/17 00:00:00"
"610100001189    ",2.0000000000000000e+01,1346.7500,0.0000,1346.7500,"03/14/17 00:00:00"
"610100000288    ",4.0000000000000000e+00,280.6300,0.0000,280.6300,"03/14/17 00:00:00"
"610100000297    ",1.0000000000000000e+00,29.0000,0.0000,29.0000,"03/14/17 00:00:00"
"610100000313    ",4.0000000000000000e+00,74.5000,0.0000,74.5000,"03/14/17 00:00:00"
"610100000322    ",6.0000000000000000e+00,1550.9000,0.0000,1550.9000,"03/14/17 00:00:00"
"610100000279    ",3.4000000000000000e+01,268.5000,0.0000,268.5000,"03/14/17 00:00:00"
"610100001599    ",3.0000000000000000e+00,39.5000,0.0000,39.5000,"03/14/17 00:00:00"
"610100001376    ",1.0000000000000000e+00,35.0000,0.0000,35.0000,"03/14/17 00:00:00"
"610100001330    ",5.0000000000000000e+00,1200.0000,0.0000,1200.0000,"03/14/17 00:00:00"
"610100001624    ",6.0000000000000000e+00,867.0000,0.0000,867.0000,"03/14/17 00:00:00"
"610100000028    ",1.0000000000000000e+00,500.0000,0.0000,500.0000,"03/14/17 00:00:00"
"610100000126    ",1.0000000000000000e+00,67.7000,0.0000,67.7000,"03/14/17 00:00:00"
"610100001250    ",4.0000000000000000e+00,306.0000,0.0000,306.0000,"03/14/17 00:00:00"
"610100002384    ",2.0000000000000000e+00,70.0000,0.0000,70.0000,"03/14/17 00:00:00"
"610100002400    ",1.0100000000000000e+02,1072.8200,0.0000,1072.8200,"03/14/17 00:00:00"
"610100002099    ",1.4000000000000000e+01,705.8000,0.0000,705.8000,"03/14/17 00:00:00"
"610100001893    ",2.0000000000000000e+00,1144.4000,0.0000,1144.4000,"03/14/17 00:00:00"
"610100002115    ",1.0000000000000000e+00,60.0000,0.0000,60.0000,"03/14/17 00:00:00"
"610100002197    ",1.0000000000000000e+01,789.6100,-789.6100,0.0000,"03/14/17 00:00:00"
"610100001875    ",1.0000000000000000e+00,-26.8700,0.0000,-26.8700,"03/14/17 00:00:00"
"610100002188    ",2.2000000000000000e+01,7416.9500,0.0000,7416.9500,"03/14/17 00:00:00"
"610100001866    ",1.3000000000000000e+01,290.7500,0.0000,290.7500,"03/14/17 00:00:00"
"610100001955    ",4.4000000000000000e+01,966.0700,-193.2100,772.8600,"03/14/17 00:00:00"
"610100001937    ",1.3000000000000000e+01,539.7400,-53.9700,485.7700,"03/14/17 00:00:00"
"610100002017    ",6.0000000000000000e+00,162.7500,0.0000,162.7500,"03/14/17 00:00:00"
"610100001919    ",3.0000000000000000e+00,2550.0000,0.0000,2550.0000,"03/14/17 00:00:00"
"610100001759    ",2.2000000000000000e+01,168.2200,0.0000,168.2200,"03/14/17 00:00:00"
"610100002375    ",1.1000000000000000e+01,472.4800,0.0000,472.4800,"03/14/17 00:00:00"
"610100001786    ",5.0000000000000000e+00,352.0000,0.0000,352.0000,"03/14/17 00:00:00"
"610100002302    ",7.0000000000000000e+00,104.0200,0.0000,104.0200,"03/14/17 00:00:00"
"610100002357    ",6.0000000000000000e+00,152.3600,0.0000,152.3600,"03/14/17 00:00:00"
"610100002366    ",3.0000000000000000e+00,51.4100,0.0000,51.4100,"03/14/17 00:00:00"
"610100002213    ",1.0000000000000000e+00,2106.0000,-105.3000,2000.7000,"03/14/17 00:00:00"
"610100002259    ",5.0000000000000000e+00,160.0000,0.0000,160.0000,"03/14/17 00:00:00"
"610100001795    ",2.1000000000000000e+01,578.8000,0.0000,578.8000,"03/14/17 00:00:00"
"610100001170    ",1.6000000000000000e+01,352.3000,0.0000,352.3000,"03/15/17 00:00:00"
"610100000974    ",2.0000000000000000e+00,106.1600,0.0000,106.1600,"03/15/17 00:00:00"
"610100001688    ",1.0000000000000000e+00,611.3600,0.0000,611.3600,"03/15/17 00:00:00"
"610100001740    ",2.0000000000000000e+00,290.5700,0.0000,290.5700,"03/15/17 00:00:00"
"610100001937    ",1.5000000000000000e+01,539.7400,-53.9700,485.7700,"03/15/17 00:00:00"
"610100001919    ",3.0000000000000000e+00,2225.0000,0.0000,2225.0000,"03/15/17 00:00:00"
"610100001857    ",5.0000000000000000e+00,604.0000,0.0000,604.0000,"03/15/17 00:00:00"
"610100001795    ",2.3000000000000000e+01,593.5000,0.0000,593.5000,"03/15/17 00:00:00"
"610100001697    ",1.0400000000000000e+02,11923.0400,0.0000,11923.0400,"03/15/17 00:00:00"
"610100001704    ",4.0000000000000000e+00,1612.0000,0.0000,1612.0000,"03/15/17 00:00:00"
"610100001027    ",3.0000000000000000e+00,420.0000,0.0000,420.0000,"03/15/17 00:00:00"
"610100001786    ",2.0000000000000000e+00,128.0000,0.0000,128.0000,"03/15/17 00:00:00"
"610100001161    ",5.0000000000000000e+00,39.4400,0.0000,39.4400,"03/15/17 00:00:00"
"610100000983    ",2.0000000000000000e+00,900.0000,0.0000,900.0000,"03/15/17 00:00:00"
"610100001759    ",1.4000000000000000e+01,120.7100,0.0000,120.7100,"03/15/17 00:00:00"
"610100002222    ",5.0000000000000000e+00,149.7500,-22.4600,127.2900,"03/15/17 00:00:00"
"610100002188    ",2.1000000000000000e+01,6580.6300,0.0000,6580.6300,"03/15/17 00:00:00"
"610100001438    ",1.0000000000000000e+00,10.0000,0.0000,10.0000,"03/15/17 00:00:00"
"610100002302    ",6.0000000000000000e+00,87.2300,0.0000,87.2300,"03/15/17 00:00:00"
"610100001394    ",4.8900000000000000e+02,16304.5600,-815.2300,15489.3300,"03/15/17 00:00:00"
"610100002213    ",2.0000000000000000e+00,4600.0000,-230.0000,4370.0000,"03/15/17 00:00:00"
"610100002197    ",1.1000000000000000e+01,886.6100,-886.6100,0.0000,"03/15/17 00:00:00"
"610100001580    ",5.0000000000000000e+00,75.9700,-7.6000,68.3700,"03/15/17 00:00:00"
"610100002259    ",6.0000000000000000e+00,300.0000,0.0000,300.0000,"03/15/17 00:00:00"
"610100001544    ",6.0000000000000000e+00,102.2500,0.0000,102.2500,"03/15/17 00:00:00"
"610100002400    ",6.7000000000000000e+01,721.3200,0.0000,721.3200,"03/15/17 00:00:00"
"610100002375    ",1.4000000000000000e+01,597.2300,0.0000,597.2300,"03/15/17 00:00:00"
"610100001517    ",5.0000000000000000e+00,224.0000,0.0000,224.0000,"03/15/17 00:00:00"
"610100001553    ",6.0000000000000000e+00,112.2500,0.0000,112.2500,"03/15/17 00:00:00"
"610100002357    ",7.0000000000000000e+00,165.0000,0.0000,165.0000,"03/15/17 00:00:00"
"610100001562    ",1.0000000000000000e+01,194.5000,0.0000,194.5000,"03/15/17 00:00:00"
"610100002311    ",1.0000000000000000e+00,55.0000,0.0000,55.0000,"03/15/17 00:00:00"
"610100001456    ",3.0000000000000000e+00,180.0000,0.0000,180.0000,"03/15/17 00:00:00"
"610100002366    ",1.0000000000000000e+00,18.6300,0.0000,18.6300,"03/15/17 00:00:00"
"610100001955    ",1.0900000000000000e+02,3565.1500,-713.0300,2852.1200,"03/15/17 00:00:00"
"610100002008    ",1.0000000000000000e+00,1708.4000,0.0000,1708.4000,"03/15/17 00:00:00"
"610100001214    ",4.0000000000000000e+00,60.0000,0.0000,60.0000,"03/15/17 00:00:00"
"610100001633    ",7.3000000000000000e+01,3200.8700,-160.0400,3040.8300,"03/15/17 00:00:00"
"610100001642    ",2.0000000000000000e+00,166.0000,0.0000,166.0000,"03/15/17 00:00:00"
"610100002017    ",7.0000000000000000e+00,202.7500,0.0000,202.7500,"03/15/17 00:00:00"
"610100002035    ",1.0000000000000000e+00,150.0000,0.0000,150.0000,"03/15/17 00:00:00"
"610100001651    ",1.0000000000000000e+01,158.5000,0.0000,158.5000,"03/15/17 00:00:00"
"610100001189    ",1.0000000000000000e+01,728.1000,0.0000,728.1000,"03/15/17 00:00:00"
"610100002099    ",2.0000000000000000e+01,1121.4200,0.0000,1121.4200,"03/15/17 00:00:00"
"610100002160    ",1.3000000000000000e+01,1813.8700,0.0000,1813.8700,"03/15/17 00:00:00"
"610100001376    ",1.0000000000000000e+00,505.4000,0.0000,505.4000,"03/15/17 00:00:00"
"610100001599    ",4.0000000000000000e+00,31.5000,0.0000,31.5000,"03/15/17 00:00:00"
"610100001330    ",1.0000000000000000e+00,200.0000,0.0000,200.0000,"03/15/17 00:00:00"
"610100001679    ",2.0000000000000000e+00,1890.0000,0.0000,1890.0000,"03/15/17 00:00:00"
"610100001269    ",2.1000000000000000e+01,1309.4100,0.0000,1309.4100,"03/15/17 00:00:00"
"610100001624    ",5.0000000000000000e+00,531.0000,0.0000,531.0000,"03/15/17 00:00:00"
"610100000778    ",2.0000000000000000e+00,983.2600,0.0000,983.2600,"03/15/17 00:00:00"
"610100000368    ",1.2000000000000000e+01,298.8500,0.0000,298.8500,"03/15/17 00:00:00"
"610100000439    ",1.0000000000000000e+00,925.0000,0.0000,925.0000,"03/15/17 00:00:00"
"610100000493    ",8.0000000000000000e+00,1034.8800,0.0000,1034.8800,"03/15/17 00:00:00"
"610100000536    ",6.0000000000000000e+00,100.7500,0.0000,100.7500,"03/15/17 00:00:00"
"610100000545    ",8.0000000000000000e+00,124.3500,0.0000,124.3500,"03/15/17 00:00:00"
"610100000750    ",2.0000000000000000e+00,370.8700,0.0000,370.8700,"03/15/17 00:00:00"
"610100000331    ",1.5000000000000000e+01,370.6300,0.0000,370.6300,"03/15/17 00:00:00"
"610100000796    ",1.0000000000000000e+00,25.0000,0.0000,25.0000,"03/15/17 00:00:00"
"610100000821    ",1.0000000000000000e+00,22.4500,0.0000,22.4500,"03/15/17 00:00:00"
"610100000858    ",4.0000000000000000e+00,266.0000,0.0000,266.0000,"03/15/17 00:00:00"
"610100000876    ",1.0000000000000000e+00,17.5500,0.0000,17.5500,"03/15/17 00:00:00"
"610100000910    ",2.0000000000000000e+00,87.9500,0.0000,87.9500,"03/15/17 00:00:00"
"610100000956    ",1.0000000000000000e+00,885.0000,0.0000,885.0000,"03/15/17 00:00:00"
"610100000698    ",1.0000000000000000e+00,27.0000,0.0000,27.0000,"03/15/17 00:00:00"
"610100000126    ",3.0000000000000000e+00,101.6700,0.0000,101.6700,"03/15/17 00:00:00"
"610100000359    ",8.0000000000000000e+00,63.5300,0.0000,63.5300,"03/15/17 00:00:00"
"610100000180    ",4.0000000000000000e+00,182.0000,0.0000,182.0000,"03/15/17 00:00:00"
"610100000224    ",4.0000000000000000e+00,254.4700,0.0000,254.4700,"03/15/17 00:00:00"
"610100000242    ",1.0000000000000000e+00,20.0000,0.0000,20.0000,"03/15/17 00:00:00"
"610100000279    ",3.3000000000000000e+01,261.2500,0.0000,261.2500,"03/15/17 00:00:00"
"610100000288    ",5.0000000000000000e+00,237.5000,0.0000,237.5000,"03/15/17 00:00:00"
"610100000313    ",6.0000000000000000e+00,91.7500,0.0000,91.7500,"03/15/17 00:00:00"
"610100000322    ",6.0000000000000000e+00,120.1200,0.0000,120.1200,"03/15/17 00:00:00"
"610100000135    ",1.9000000000000000e+01,4765.0100,0.0000,4765.0100,"03/15/17 00:00:00"
"610100000965    ",9.0000000000000000e+00,204.0000,0.0000,204.0000,"03/15/17 00:00:00"
