strMID,Name,Add,City,State,Zip,strDDA1,strTR1,TotalSalesCt,TotalRefundCt,TotalDebitCt,TotalCount,TotalSalesVol,TotalRefundVol,DebitNetTotAmt,ReservePercent,HoldResBal,dblMonthlyFee,dblDailyDiscTotal,TotalChrgsForMth,Message,SortCode,UnsettSaleCt,UnsettSaleAmt,UnsettRefCt,UnsettRefAmt,Name2,Add2,City2,State2,Zip2,ERDesc,EffRate
"610100000019","FRONTLINE PROCESSING","3701 TRAKKER TRAIL STE IF","BOZEMAN","MT","59718","xxxxxx839","xxxxxx249",1,0,0,1,326.2900,0.0000,0.0000,0.00000000e+00,0.0000,0.0000000000000000e+00,0.0000000000000000e+00,1.8200," ","61010001001000",0,0.0000,0,0.0000,,,,,," "," "
"610100000028","MONTANA ROCKY MOUNTAIN FUR DRE","1201 10TH AVE NORTH","GREAT FALLS","MT","59401","xxxxxx122","xxxxxx249",33,0,0,33,20003.8200,0.0000,0.0000,0.00000000e+00,0.0000,4.5688999999999999e+02,0.0000000000000000e+00,559.2900," ","61010005003001",0,0.0000,0,0.0000,,,,,," "," "
"610100000037","DOWNTOWN GARDENS","200 1ST AVE","HAVRE","MT","59501","xxxxxx143","xxxxxx249",0,0,0,0,0.0000,0.0000,0.0000,0.00000000e+00,0.0000,0.0000000000000000e+00,0.0000000000000000e+00,0.0000," ","61010005003001",0,0.0000,0,0.0000,,,,,," "," "
"610100000046","GALLATIN VALLEY GARDEN CENTER","2121 W MAIN","BOZEMAN","MT","59718","xxxxxx646","xxxxxx683",0,0,0,0,0.0000,0.0000,0.0000,0.00000000e+00,0.0000,0.0000000000000000e+00,0.0000000000000000e+00,0.0000," ","61010001001000",0,0.0000,0,0.0000,,,,,," "," "
"610100000055","THE PETAL PUSHER","3139 GRELCK LN","BILLINGS","MT","59105","xxxxxx131","xxxxxx854",0,0,0,0,0.0000,0.0000,0.0000,0.00000000e+00,0.0000,0.0000000000000000e+00,0.0000000000000000e+00,0.0000," ","61010001001000",0,0.0000,0,0.0000,,,,,," "," "
"610100000064","DALTON RESTORATION COMPANY","928 AUBURN CT","SAVANNAH","TX","76227","xxxxxx672","xxxxxx614",0,0,0,0,0.0000,0.0000,0.0000,0.00000000e+00,0.0000,0.0000000000000000e+00,0.0000000000000000e+00,16.1500," ","61010001001000",0,0.0000,0,0.0000,,,,,," "," "
"610100000091","WILD WINGS HUNTS LLC","1095 3RD ROAD NE","POWER","MT","59468","xxxxxx565","xxxxxx249",0,0,0,0,0.0000,0.0000,0.0000,0.00000000e+00,0.0000,0.0000000000000000e+00,0.0000000000000000e+00,16.1500," ","61010005003001",0,0.0000,0,0.0000,,,,,," "," "
"610100000108","HITCHING TAILS","31721 MISSION CREEK ROAD","SAINT IGNATIUS","MT","59865","xxxxxx851","xxxxxx599",1,0,0,1,36.6400,0.0000,0.0000,0.00000000e+00,0.0000,1.1299999999999999e+00,0.0000000000000000e+00,18.2800," ","61010006002000",0,0.0000,0,0.0000,,,,,," "," "
"610100000126","THE NO. 1 LADIES QUILT SHOP","34 NORTH IDAHO ST #3","DILLON","MT","59725","xxxxxx626","xxxxxx249",77,0,0,77,2670.8600,0.0000,0.0000,0.00000000e+00,0.0000,5.2549999999999997e+01,0.0000000000000000e+00,112.2000," ","61010005002001",0,0.0000,0,0.0000,,,,,," "," "
"610100000135","WALLEYES UNLIMITED OF MT","31 SALER STREET","BELGRADE","MT","59714","xxxxxx970","xxxxxx683",19,0,0,19,4765.0100,0.0000,0.0000,0.00000000e+00,0.0000,1.3611000000000001e+02,0.0000000000000000e+00,204.1200," ","61010001001000",0,0.0000,0,0.0000,,,,,," "," "
"610100000144","COTTONWOOD COUNTRY CLUB","504 COUNTRY CLUB ROAD","GLENDIVE","MT","59330","xxxxxx038","xxxxxx249",0,0,0,0,0.0000,0.0000,0.0000,0.00000000e+00,0.0000,0.0000000000000000e+00,0.0000000000000000e+00,16.1500," ","61010005006001",0,0.0000,0,0.0000,,,,,," "," "
"610100000153","ALTERNATIVE ENERGY SYSTEMS","4129 NORTH PARK TRAIL","GREAT FALLS","MT","59405","xxxxxx088","xxxxxx249",0,0,0,0,0.0000,0.0000,0.0000,0.00000000e+00,0.0000,0.0000000000000000e+00,0.0000000000000000e+00,21.1500," ","61010005003001",0,0.0000,0,0.0000,,,,,," "," "
"610100000171","CENTRAL MONTANA PANELS LLC","105 TRUCK BYPASS","LEWISTOWN","MT","59457","xxxxxx599","xxxxxx249",3,0,0,3,580.0000,0.0000,0.0000,0.00000000e+00,0.0000,6.5300000000000002e+00,0.0000000000000000e+00,26.5600," ","61010005005001",0,0.0000,0,0.0000,,,,,," "," "
"610100000180","DOWNTOWN ANTIQUES","122 E MAIN","BOZEMAN","MT","59715","xxxxxx661","xxxxxx383",143,0,0,143,5263.7000,0.0000,0.0000,0.00000000e+00,0.0000,9.2500000000000000e+01,0.0000000000000000e+00,161.6000," ","61010001001000",0,0.0000,0,0.0000,,,,,," "," "
"610100000199","DR. SHANNON JONES DDS PC","108 N. 11TH AVE","BOZEMAN","MT","59715","xxxxxx020","xxxxxx613",95,0,0,95,22891.9600,0.0000,0.0000,0.00000000e+00,0.0000,4.6724000000000001e+02,0.0000000000000000e+00,570.1100," ","61010001002000",0,0.0000,0,0.0000,,,,,," "," "
"610100000215","GEAR PODS","96 HILLCREST LN","POLSON","MT","59860","xxxxxx928","xxxxxx683",0,0,0,0,0.0000,0.0000,0.0000,0.00000000e+00,0.0000,0.0000000000000000e+00,0.0000000000000000e+00,16.1500," ","61010001001000",0,0.0000,0,0.0000,,,,,," "," "
"610100000224","HOT SPRINGS LUMBER AND FEED","1916 HWY 28","HOT SPRINGS","MT","59845","xxxxxx779","xxxxxx599",114,0,0,114,8079.3400,0.0000,0.0000,0.00000000e+00,0.0000,1.3322000000000000e+02,0.0000000000000000e+00,203.8300," ","61010006001000",0,0.0000,0,0.0000,,,,,," "," "
"610100000233","KITTELSONS HARDWARE STORE","105 MAIN ST.","WESTBY","MT","59275","xxxxxx073","xxxxxx249",0,0,0,0,0.0000,0.0000,0.0000,0.00000000e+00,0.0000,0.0000000000000000e+00,0.0000000000000000e+00,0.0000," ","61010005008001",0,0.0000,0,0.0000,,,,,," "," "
"610100000242","M 3 MEATS","1801 CROCUS DR","SIDNEY","MT","59270","xxxxxx963","xxxxxx249",17,0,0,17,4644.7000,0.0000,0.0000,0.00000000e+00,0.0000,7.5950000000000003e+01,0.0000000000000000e+00,122.9100," ","61010005008001",0,0.0000,0,0.0000,,,,,," "," "
"610100000251","MCMANUS MOTORS","124 N 18TH ST","BILLINGS","MT","59101","xxxxxx317","xxxxxx249",1,1,0,2,0.0100,0.0100,0.0000,0.00000000e+00,0.0000,2.6000000000000001e-01,0.0000000000000000e+00,8.9800," ","61010005001001",0,0.0000,0,0.0000,,,,,," "," "
"610100000260","MEADOWS RV PARK","3204 COMSTOCK ST.","MILES CITY","MT","59301","xxxxxx486","xxxxxx249",0,0,0,0,0.0000,0.0000,0.0000,0.00000000e+00,0.0000,0.0000000000000000e+00,0.0000000000000000e+00,0.0000," ","61010005006001",0,0.0000,0,0.0000,,,,,," "," "
"610100000279","PANTHER PREMIERE","203 W MADISON AVE STE A-1","BELGRADE","MT","59714","xxxxxx212","xxxxxx683",921,0,0,921,6691.4000,0.0000,0.0000,0.00000000e+00,0.0000,2.0596000000000001e+02,0.0000000000000000e+00,376.3600," ","61010001001000",0,0.0000,0,0.0000,,,,,," "," "
"610100000288","PETERS FARM AND RANCH HARLOWTO","801 2ND ST NW","HARLOWTON","MT","59036","xxxxxx408","xxxxxx249",61,0,0,61,11042.0300,0.0000,0.0000,0.00000000e+00,0.0000,3.1424000000000001e+02,0.0000000000000000e+00,361.6200," ","61010005005001",0,0.0000,0,0.0000,,,,,," "," "
"610100000297","PETERS FARM AND RANCH RYEGATE","100 1ST ST","RYEGATE","MT","59074","xxxxxx645","xxxxxx249",5,0,0,5,1018.5000,0.0000,0.0000,0.00000000e+00,0.0000,2.3480000000000000e+01,0.0000000000000000e+00,44.5600," ","61010005005001",0,0.0000,0,0.0000,,,,,," "," "
"610100000304","LAUREL LIONS CLUB","1125 13TH AVE","LAUREL","MT","59044","xxxxxx983","xxxxxx142",0,0,0,0,0.0000,0.0000,0.0000,0.00000000e+00,0.0000,0.0000000000000000e+00,0.0000000000000000e+00,0.0000," ","61010001001000",0,0.0000,0,0.0000,,,,,," "," "
"610100000313","OASIS BAR","117 N MERRILL AVE","GLENDIVE","MT","59330","xxxxxx037","xxxxxx249",206,0,0,206,5290.2000,0.0000,0.0000,0.00000000e+00,0.0000,1.1242000000000000e+02,0.0000000000000000e+00,198.5900," ","61010005006001",0,0.0000,0,0.0000,,,,,," "," "
"610100000322","PREMIER PAINTS","1700 BROOKS ST","MISSOULA","MT","59801","xxxxxx623","xxxxxx383",122,3,0,125,20585.6900,101.6600,0.0000,0.00000000e+00,8514.9800,4.7806000000000000e+02,0.0000000000000000e+00,642.1900," ","61010005007001",0,0.0000,0,0.0000,,,,,," "," "
"610100000331","STAGELINE PIZZA OF ARLEE","92637 HWY 93","ARLEE","MT","59821","xxxxxx959","xxxxxx599",408,0,0,408,11637.0900,0.0000,0.0000,0.00000000e+00,0.0000,2.6211000000000001e+02,0.0000000000000000e+00,446.6900," ","61010006001000",0,0.0000,0,0.0000,,,,,," "," "
"610100000340","SECOND HOME RESTAURANT","1962 MT HWY 28","HOT SPRINGS","MT","59845","xxxxxx867","xxxxxx599",204,0,0,204,6969.7700,0.0000,0.0000,0.00000000e+00,0.0000,1.6853999999999999e+02,0.0000000000000000e+00,231.1500," ","61010006001000",0,0.0000,0,0.0000,,,,,," "," "
"610100000359","THE MOVIE STORE","115 1ST AVE. NORTH","LEWISTOWN","MT","59457","xxxxxx874","xxxxxx249",297,0,0,297,2303.9500,0.0000,0.0000,0.00000000e+00,0.0000,7.0439999999999998e+01,0.0000000000000000e+00,149.6600," ","61010005005001",0,0.0000,0,0.0000,,,,,," "," "
"610100000368","THE PALACE CAFE","126 S WIBAUX ST","WIBAUX","MT","59353","xxxxxx430","xxxxxx249",164,0,0,164,3619.5500,0.0000,0.0000,0.00000000e+00,0.0000,8.3650000000000006e+01,0.0000000000000000e+00,153.7700," ","61010005006001",0,0.0000,0,0.0000,,,,,," "," "
"610100000377","DANCING MOOSE GIFTS","108 N CANYON ST","WEST YELLOWSTONE","MT","59758","xxxxxx151","xxxxxx117",0,0,0,0,0.0000,0.0000,0.0000,0.00000000e+00,0.0000,0.0000000000000000e+00,0.0000000000000000e+00,16.1500," ","61010001001000",0,0.0000,0,0.0000,,,,,," "," "
"610100000386","KXGN-GLENDIVE","210 S DOUGLAS","GLENDIVE","MT","59330","xxxxxx048","xxxxxx249",5,0,0,5,10254.4000,0.0000,0.0000,0.00000000e+00,0.0000,2.7876999999999998e+02,0.0000000000000000e+00,363.4700," ","61010005006002",0,0.0000,0,0.0000,,,,,," "," "
"610100000395","LAMBERT FLORAL","3910 S REDWOOD RD","SALT LAKE CITY","UT","84123","xxxxxx829","xxxxxx054",0,0,0,0,0.0000,0.0000,0.0000,0.00000000e+00,0.0000,0.0000000000000000e+00,0.0000000000000000e+00,0.0000," ","61010001001000",0,0.0000,0,0.0000,,,,,," "," "
"610100000411","DISTRICT KEY CLUB OF MONTANA","524 9TH AVE","HAVRE","MT","59501","xxxxxx798","xxxxxx249",0,0,0,0,0.0000,0.0000,0.0000,0.00000000e+00,0.0000,0.0000000000000000e+00,0.0000000000000000e+00,0.0000," ","61010005003002",0,0.0000,0,0.0000,,,,,," "," "
"610100000439","GAGE ACCOUNTING","118 EAST MAIN STREET","CUT BANK","MT","59427","xxxxxx752","xxxxxx249",6,0,0,6,2070.0000,0.0000,0.0000,0.00000000e+00,0.0000,3.5460000000000001e+01,0.0000000000000000e+00,58.5400," ","61010005003001",0,0.0000,0,0.0000,,,,,," "," "
"610100000448","TACTICAL SQUIRREL","1390 W 12 STREET","EMMETT","ID","83617","xxxxxx052","xxxxxx024",75,3,0,78,6322.5500,213.8700,0.0000,0.00000000e+00,0.0000,1.2050000000000000e+02,0.0000000000000000e+00,288.2400," ","61010001002000",0,0.0000,0,0.0000,,,,,," "," "
"610100000475","MONTANA EQUINE BILLINGS","3934 FRONTAGE RD","THREE FORKS","MT","59752","xxxxxx858","xxxxxx278",10,0,0,10,2953.1500,0.0000,0.0000,0.00000000e+00,0.0000,5.9270000000000003e+01,0.0000000000000000e+00,92.8400," ","61010001001000",0,0.0000,0,0.0000,,,,,," "," "
"610100000484","MONTANA LUTHERIE","5400 FRONTAGE RD","MANHATTAN","MT","59741","xxxxxx162","xxxxxx613",3,0,0,3,1009.5100,0.0000,0.0000,0.00000000e+00,0.0000,1.0910000000000000e+01,0.0000000000000000e+00,29.6900," ","61010001002000",0,0.0000,0,0.0000,,,,,," "," "
"610100000493","ROBINS SERVICE","1302 W. TOWNE STREET","GLENDIVE","MT","59330","xxxxxx693","xxxxxx249",103,0,0,103,17376.8500,0.0000,0.0000,0.00000000e+00,0.0000,2.6030000000000001e+02,0.0000000000000000e+00,416.6600," ","61010005006001",0,0.0000,0,0.0000,,,,,," "," "
"610100000509","ROCKVALE TRAVEL PLAZA","4293 HWY 310","JOLIET","MT","59041","xxxxxx146","xxxxxx249",0,0,0,0,0.0000,0.0000,0.0000,0.00000000e+00,0.0000,0.0000000000000000e+00,0.0000000000000000e+00,11.1500," ","61010005001001",0,0.0000,0,0.0000,,,,,," "," "
"610100000527","WHITES PAINT AND BODY INC","124 WHITE ROAD","SHELBY","MT","59474","xxxxxx577","xxxxxx249",1,0,0,1,2403.9300,0.0000,0.0000,0.00000000e+00,0.0000,7.5859999999999999e+01,0.0000000000000000e+00,102.6600," ","61010005003002",0,0.0000,0,0.0000,,,,,," "," "
"610100000554","ROCKY MOUNTAIN ROASTING CO WEB","314 D ANDREA DR.","BELGRADE","MT","59714","xxxxxx014","xxxxxx806",10,0,0,10,501.1200,0.0000,0.0000,0.00000000e+00,0.0000,1.2140000000000001e+01,0.0000000000000000e+00,37.7600," ","61010001002000",0,0.0000,0,0.0000,,,,,," "," "
"610100000607","FOOTHILLS GROWERS","102 SOUTH MAIN AVENUE","CHOTEAU","MT","59422","xxxxxx575","xxxxxx362",0,0,0,0,0.0000,0.0000,0.0000,0.00000000e+00,0.0000,0.0000000000000000e+00,0.0000000000000000e+00,0.0000," ","61010005003001",0,0.0000,0,0.0000,,,,,," "," "
"610100000616","AMMO CLEARANCE","448 W SHORE DR.","BELGRADE","MT","59714","xxxxxx967","xxxxxx278",1,0,0,1,895.5000,0.0000,0.0000,5.00000007e-02,1196.8600,1.8949999999999999e+01,0.0000000000000000e+00,36.1600," ","61010001002000",0,0.0000,0,0.0000,,,,,," "," "
"610100000634","VALLEY BANK","PO BOX 1000","HOT SPRINGS ","MT","59845","xxxxxx388","xxxxxx599",0,0,0,0,0.0000,0.0000,0.0000,0.00000000e+00,0.0000,0.0000000000000000e+00,0.0000000000000000e+00,18.6500," ","61010001001000",0,0.0000,0,0.0000,"Valley Bank of Arlee","923317 US HWY 93","ARLEE","MT","59821"," "," "
"610100000643","VALLEY BANK","PO BOX 1000","HOT SPRINGS ","MT","59845","xxxxxx688","xxxxxx599",0,0,0,0,0.0000,0.0000,0.0000,0.00000000e+00,0.0000,0.0000000000000000e+00,0.0000000000000000e+00,22.2200," ","61010001001000",0,0.0000,0,0.0000,"Valley Bank of Hot Springs","100 Main St","Hot Springs","MT","59845"," "," "
"610100000652","VALLEY BANK ","PO BOX 1000","HOT SPRINGS ","MT","59845","xxxxxx488","xxxxxx599",0,0,0,0,0.0000,0.0000,0.0000,0.00000000e+00,0.0000,0.0000000000000000e+00,0.0000000000000000e+00,18.6500," ","61010001001000",0,0.0000,0,0.0000,"Valley Bank of Lake County","102 Crystal St","St. Ignatius","MT","59865"," "," "
"610100000661","VALLEY BANK","PO BOX 1000","HOT SPRINGS","MT","59845","xxxxxx588","xxxxxx599",0,0,0,0,0.0000,0.0000,0.0000,0.00000000e+00,0.0000,0.0000000000000000e+00,0.0000000000000000e+00,20.5900," ","61010001001000",0,0.0000,0,0.0000,"Valley Bank of Pablo","6859 US HWY 93 S","Ronan","MT","59864"," "," "
"610100000670","VALLEY BANK","PO BOX 1000","HOT SPRINGS ","MT","59845","xxxxxx888","xxxxxx599",0,0,0,0,0.0000,0.0000,0.0000,0.00000000e+00,0.0000,0.0000000000000000e+00,0.0000000000000000e+00,24.5500," ","61010001001000",0,0.0000,0,0.0000,"Valley Bank of Polson","146 South Shore Rd","Polson","MT","59860"," "," "
"610100000689","ALPINE PRODUCT DESIGNS","306 MAIN ST","POLSON","MT","59860","xxxxxx348","xxxxxx683",6,0,0,6,2442.7500,0.0000,0.0000,0.00000000e+00,0.0000,5.8219999999999999e+01,0.0000000000000000e+00,116.8200," ","61010001002000",0,0.0000,0,0.0000,,,,,," "," "
"610100000698","DEER LODGE ELKS LODGE","230 MAIN ST","DEER LODGE","MT","59722","xxxxxx106","xxxxxx757",10,0,0,10,455.0000,0.0000,0.0000,0.00000000e+00,0.0000,5.9900000000000002e+00,0.0000000000000000e+00,23.1300," ","61010001001000",0,0.0000,0,0.0000,,,,,," "," "
"610100000705","VALLEY BANK","PO BOX 1000","HOT SPRINGS ","MT","59845","xxxxxx188","xxxxxx599",0,0,0,0,0.0000,0.0000,0.0000,0.00000000e+00,0.0000,0.0000000000000000e+00,0.0000000000000000e+00,43.0800," ","61010001001000",0,0.0000,0,0.0000,"Valley Bank of Ronan","63659 US Highway 93 S","Ronan","MT","59864"," "," "
"610100000714","VALLEY BANK","PO BOX 1000","HOT SPRINGS","MT","59845","xxxxxx488","xxxxxx599",0,0,0,0,0.0000,0.0000,0.0000,0.00000000e+00,0.0000,0.0000000000000000e+00,0.0000000000000000e+00,25.3200," ","61010001001000",0,0.0000,0,0.0000,"Valley Bank of St. Ignatius","116 Main Street","St. Ignatius","MT","59865"," "," "
"610100000723","VALLEY BANK","PO BOX 1000","HOTSPRINGS","MT","59845","xxxxxx788","xxxxxx599",0,0,0,0,0.0000,0.0000,0.0000,0.00000000e+00,0.0000,0.0000000000000000e+00,0.0000000000000000e+00,23.4400," ","61010001001000",0,0.0000,0,0.0000,"Valley Bank of Thompson Falls","1222 Maiden Ave","Thompson Falls","MT","59873"," "," "
"610100000750","REEP BELL LAIRD SIMPSON AND JA","2955 STOCKYARD ROAD","MISSOULA","MT","59808","xxxxxx231","xxxxxx337",5,0,0,5,1168.8700,0.0000,0.0000,0.00000000e+00,0.0000,2.4989999999999998e+01,0.0000000000000000e+00,65.6200," ","61010001002000",0,0.0000,0,0.0000,,,,,," "," "
"610100000769","BERG LILLY ANDTOLLEFSEN PC","1 W MAIN STREET","BOZEMAN","MT","59715","xxxxxx479","xxxxxx654",6,0,0,6,5751.3400,0.0000,0.0000,0.00000000e+00,0.0000,1.5316999999999999e+02,0.0000000000000000e+00,210.6900," ","61010001002000",0,0.0000,0,0.0000,,,,,," "," "
"610100000778","SMITH INDUSTRIES LLC","1855 VALLEY ROAD","BERKELEY SPRINGS","WV","25411","xxxxxx188","xxxxxx589",31,0,0,31,12272.6400,0.0000,0.0000,0.00000000e+00,0.0000,3.0817000000000002e+02,0.0000000000000000e+00,420.1200," ","61010001002000",0,0.0000,0,0.0000,,,,,," "," "
"610100000796","ACORN PEDIATRICS","1819 S 22ND AVE SUITE 100","BOZEMAN","MT","59718","xxxxxx585","xxxxxx249",76,0,0,76,4786.7100,0.0000,0.0000,0.00000000e+00,0.0000,9.4980000000000004e+01,0.0000000000000000e+00,152.1600," ","61010005002001",0,0.0000,0,0.0000,,,,,," "," "
"610100000812","W BRAND PRODUCTS","102 EDWARDS ADDITION","WHITEHALL","MT","59759","xxxxxx022","xxxxxx825",0,0,0,0,0.0000,0.0000,0.0000,0.00000000e+00,0.0000,0.0000000000000000e+00,0.0000000000000000e+00,21.1500," ","61010001002000",0,0.0000,0,0.0000,,,,,," "," "
"610100000821","THE GALLERY INC","25 E BANNACK STREET","DILLON","MT","59725","xxxxxx507","xxxxxx757",82,0,0,82,4721.3000,0.0000,0.0000,0.00000000e+00,0.0000,7.3920000000000002e+01,0.0000000000000000e+00,135.2200," ","61010001001000",0,0.0000,0,0.0000,,,,,," "," "
"610100000858","DILLON MEDICAL CLINIC","120 S ATLANTIC STREET","DILLON","MT","59725","xxxxxx438","xxxxxx862",83,0,0,83,9058.6800,0.0000,0.0000,0.00000000e+00,0.0000,1.3990000000000001e+02,0.0000000000000000e+00,214.7900," ","61010001001000",0,0.0000,0,0.0000,,,,,," "," "
"610100000867","FLOORING AMERICA","1209 15TH ST N","GREAT FALLS","MT","59401","xxxxxx518","xxxxxx249",22,0,0,22,8745.0600,0.0000,0.0000,0.00000000e+00,0.0000,1.5550000000000000e+02,0.0000000000000000e+00,204.5400," ","61010005003001",0,0.0000,0,0.0000,,,,,," "," "
"610100000876","NORTHWEST FENCE PRODUCTS","226 2ND AVE S","GREAT FALLS","MT","59405","xxxxxx394","xxxxxx278",14,0,0,14,2652.4600,0.0000,0.0000,0.00000000e+00,0.0000,5.4039999999999999e+01,0.0000000000000000e+00,90.7500," ","61010005003001",0,0.0000,0,0.0000,,,,,," "," "
"610100000894","BIG BAD ASS FIREWORKS","64 GARNET MOUNTIAN WAY","GALLATIN GATEWAY","MT","59730","xxxxxx324","xxxxxx654",0,0,0,0,0.0000,0.0000,0.0000,0.00000000e+00,0.0000,0.0000000000000000e+00,0.0000000000000000e+00,0.0000," ","61010001001000",0,0.0000,0,0.0000,,,,,," "," "
"610100000910","TOMS JEWELERS","114 WEST LEWIS ST","LIVINGSTON","MT","59047","xxxxxx679","xxxxxx227",68,0,0,68,6164.5500,0.0000,0.0000,0.00000000e+00,0.0000,1.3087000000000000e+02,0.0000000000000000e+00,202.5500," ","61010001001000",0,0.0000,0,0.0000,,,,,," "," "
"610100000938","FUN BUS","9511 ASHDOWN FOREST DR","SPRING","TX","77379","xxxxxx016","xxxxxx614",185,5,0,190,9134.0000,440.0000,0.0000,0.00000000e+00,0.0000,1.6472000000000000e+02,0.0000000000000000e+00,318.2300," ","61010001002000",0,0.0000,0,0.0000,,,,,," "," "
"610100000947","BOZEMAN PEDIATRIC AND SPORTS ","300 N WILSON AVE STE 105A","BOZEMAN","MT","59718","xxxxxx036","xxxxxx654",11,0,0,11,2315.8900,0.0000,0.0000,0.00000000e+00,0.0000,6.9200000000000003e+01,0.0000000000000000e+00,69.3000," ","61010001001000",0,0.0000,0,0.0000,,,,,," "," "
"610100000956","VARGAS TURBO INC","22018 MEEKLAND AVE","HAYWARD","CA","94541","xxxxxx577","xxxxxx782",8,0,0,8,7703.3300,0.0000,0.0000,0.00000000e+00,0.0000,1.8109000000000000e+02,0.0000000000000000e+00,271.5900," ","61010001001000",0,0.0000,0,0.0000,,,,,," "," "
"610100000965","BRUNSWICK BAR","304 ELLIOT STREET","HYSHAM","MT","59038","xxxxxx100","xxxxxx249",121,0,0,121,3250.2500,0.0000,0.0000,0.00000000e+00,0.0000,7.6489999999999995e+01,0.0000000000000000e+00,135.6100," ","61010005001001",0,0.0000,0,0.0000,,,,,," "," "
"610100000974","ESPRIT HEALTH CLINIC","309 S CENTRAL AVE","SIDNEY","MT","59270","xxxxxx890","xxxxxx249",57,0,0,57,4095.7700,0.0000,0.0000,0.00000000e+00,0.0000,7.4170000000000002e+01,0.0000000000000000e+00,135.7900," ","61010005008001",0,0.0000,0,0.0000,,,,,," "," "
"610100000983","CENTRAL MEDISPA","309 S CENTRAL","SIDNEY","MT","59270","xxxxxx599","xxxxxx249",24,0,0,24,11200.0000,0.0000,0.0000,0.00000000e+00,0.0000,1.8747000000000000e+02,0.0000000000000000e+00,285.8600," ","61010005008001",0,0.0000,0,0.0000,,,,,," "," "
"610100000992","GLACIER MIST RV LLC","HWY 213 MCMISTY LOOP","CUT BANK","MT","59427","xxxxxx879","xxxxxx249",0,0,0,0,0.0000,0.0000,0.0000,0.00000000e+00,0.0000,0.0000000000000000e+00,0.0000000000000000e+00,0.0000," ","61010005003002",0,0.0000,0,0.0000,,,,,," "," "
"610100001009","KRUGER WINDOWS AND GLASS","1415 MAIN STREET","MILES CITY","MT","59301","xxxxxx577","xxxxxx249",9,0,0,9,2458.6600,0.0000,0.0000,0.00000000e+00,0.0000,5.1119999999999997e+01,0.0000000000000000e+00,81.5200," ","61010005006001",0,0.0000,0,0.0000,,,,,," "," "
"610100001027","STAGESTRUCK LLC","16 OFFICE PARK DRIVE SUITE 21","HATTLIESBURG","MS","39401","xxxxxx045","xxxxxx303",70,0,0,70,7750.0000,0.0000,0.0000,0.00000000e+00,0.0000,1.0567000000000000e+02,0.0000000000000000e+00,223.4000," ","61010001002000",0,0.0000,0,0.0000,,,,,," "," "
"610100001036","CAPITAL LARGE ANIMAL","3934 FRONTAGE ROAD","THREE FORKS","MT","59752","xxxxxx728","xxxxxx683",16,0,0,16,7358.3500,0.0000,0.0000,0.00000000e+00,0.0000,1.5928000000000000e+02,0.0000000000000000e+00,207.4200," ","61010001001000",0,0.0000,0,0.0000,,,,,," "," "
"610100001045","FOOLS END CLUB","225 WEST FRONT ST","MISSOULA","MT","59802","xxxxxx222","xxxxxx249",3,0,0,3,155.2500,0.0000,0.0000,0.00000000e+00,0.0000,4.1500000000000004e+00,0.0000000000000000e+00,16.8000," ","61010005007002",0,0.0000,0,0.0000,,,,,," "," "
"610100001054","TRUE HEALTH LLC","10 AVANTA WAY SUITE 1","BILLINGS","MT","59102","xxxxxx975","xxxxxx142",10,2,0,12,1763.3500,517.4800,0.0000,1.00000001e-01,1036.7300,2.6190000000000001e+01,0.0000000000000000e+00,94.4700," ","61010001002000",0,0.0000,0,0.0000,,,,,," "," "
"610100001063","SWEET PEA FESTIVAL","424 E MAIN ST STE 203B","BOZEMAN","MT","59715","xxxxxx618","xxxxxx383",0,0,0,0,0.0000,0.0000,0.0000,0.00000000e+00,0.0000,0.0000000000000000e+00,0.0000000000000000e+00,0.0000," ","61010001001000",0,0.0000,0,0.0000,,,,,," "," "
"610100001072","BROADWATER COUNTY SEARCH AND R","519 BROADWAY","TOWNSEND","MT","59644","xxxxxx330","xxxxxx104",0,0,0,0,0.0000,0.0000,0.0000,0.00000000e+00,0.0000,0.0000000000000000e+00,0.0000000000000000e+00,1.2500," ","61010001001000",0,0.0000,0,0.0000,,,,,," "," "
"610100001081","ALLIANCE PROPERTY MANAGEMENT","2621 W COLLEGE, SUITE D","BOZEMAN","MT","59718","xxxxxx383","xxxxxx654",2,0,0,2,85.0000,0.0000,0.0000,0.00000000e+00,0.0000,1.9800000000000000e+00,0.0000000000000000e+00,14.7000," ","61010001001000",0,0.0000,0,0.0000,,,,,," "," "
"610100001090","MONTANA WEED CONTROL ASSOCIATI","305 N MADISON","TWIN BRIDGES","MT","59754","xxxxxx201","xxxxxx249",0,0,0,0,0.0000,0.0000,0.0000,0.00000000e+00,0.0000,0.0000000000000000e+00,0.0000000000000000e+00,0.0000," ","61010005002001",0,0.0000,0,0.0000,,,,,," "," "
"610100001107","SOUTHWEST ENTERPRISES LLC","380 FOX RIDGE DR","DILLON","MT","59725","xxxxxx730","xxxxxx249",6,0,0,6,2754.8400,0.0000,0.0000,0.00000000e+00,0.0000,6.3380000000000003e+01,0.0000000000000000e+00,108.0500," ","61010005002002",0,0.0000,0,0.0000,,,,,," "," "
"610100001116","MONTANA DISTRICT OF KIWANIS IN","1150 COBB HILL RD","BOZEMAN","MT","59718","xxxxxx856","xxxxxx747",7,0,0,7,1596.0000,0.0000,0.0000,0.00000000e+00,0.0000,4.5820000000000000e+01,0.0000000000000000e+00,87.6300," ","61010001002000",0,0.0000,0,0.0000,,,,,," "," "
"610100001125","HAPPELS CLEAN CUT MEATS LLC","4700 GOOCH HILL ROAD","BOZEMAN","MT","59718","xxxxxx307","xxxxxx613",2,0,0,2,274.8000,0.0000,0.0000,0.00000000e+00,0.0000,2.9900000000000002e+00,0.0000000000000000e+00,18.8100," ","61010001001000",0,0.0000,0,0.0000,,,,,," "," "
"610100001161","TOWN PUMP KALISPELL 7","837 W RESERVE STREET","KALISPELL","MT","59901","xxxxxx328","xxxxxx019",8,0,272,280,178.6900,0.0000,1819.4800,0.00000000e+00,0.0000,5.8799999999999997e+01,0.0000000000000000e+00,129.2200," ","61010001001000",0,0.0000,0,0.0000,,,,,," "," "
"610100001170","WOOD AND COMPANY LLC","6633 BRANCH RD","HAYES","VA","23072","xxxxxx158","xxxxxx383",374,0,0,374,12541.0800,0.0000,0.0000,0.00000000e+00,0.0000,2.2622999999999999e+02,0.0000000000000000e+00,445.4000," ","61010001002000",0,0.0000,0,0.0000,,,,,," "," "
"610100001189","THE CATTLEMENS CUT SUPPER CLUB","369 VAUGHN S FRONTAGE ROAD","GREAT FALLS","MT","59404","xxxxxx601","xxxxxx249",610,0,0,610,60379.2400,0.0000,0.0000,0.00000000e+00,0.0000,1.2821800000000001e+03,0.0000000000000000e+00,1627.1800," ","61010005003001",0,0.0000,0,0.0000,,,,,," "," "
"610100001198","TURBO AUTO TRANSPORT","5001 49TH STREET SW SUITE 200","GREAT FALLS","MT","59404","xxxxxx033","xxxxxx249",28,0,0,28,41735.4400,0.0000,0.0000,0.00000000e+00,0.0000,9.5210000000000002e+02,0.0000000000000000e+00,1510.6500," ","61010005003002",0,0.0000,0,0.0000,,,,,," "," "
"610100001214","BENJAMIN JEWELERS","200 S. 23RD AVE #E6","BOZEMAN","MT","59718","xxxxxx927","xxxxxx683",143,0,0,143,10321.9000,0.0000,0.0000,0.00000000e+00,0.0000,1.9775999999999999e+02,0.0000000000000000e+00,302.7400," ","61010001001000",0,0.0000,0,0.0000,,,,,," "," "
"610100001223","SPECIAL OLYMPICS OF MONTANA","710 1ST AVE N","GREAT FALLS","MT","59401","xxxxxx113","xxxxxx249",0,0,0,0,0.0000,0.0000,0.0000,0.00000000e+00,0.0000,0.0000000000000000e+00,0.0000000000000000e+00,0.0000," ","61010001002000",0,0.0000,0,0.0000,,,,,," "," "
"610100001232","TAX RELIEF ADVISERS LLC","2809 GREAT NORTHERN SUITE 100","MISSOULA","MT","59803","xxxxxx664","xxxxxx249",8,0,0,8,2527.7700,0.0000,0.0000,0.00000000e+00,0.0000,4.0680000000000000e+01,0.0000000000000000e+00,81.2500," ","61010005007002",0,0.0000,0,0.0000,,,,,," "," "
"610100001250","AVA MOBILE ENTERTAINMENT LLC","975 GLENN AVENUE","NORTH BRUNSWICK","NJ","08902","xxxxxx579","xxxxxx465",54,3,0,57,4797.0000,218.0000,0.0000,0.00000000e+00,0.0000,8.1560000000000002e+01,0.0000000000000000e+00,167.6200," ","61010001002000",0,0.0000,0,0.0000,,,,,," "," "
"610100001269","QUALITY INN LIVINGSTON","111 ROGERS LANE","LIVINGSTON","MT","59047","xxxxxx716","xxxxxx249",323,23,0,346,31071.9500,1140.0200,0.0000,0.00000000e+00,0.0000,6.6757000000000005e+02,0.0000000000000000e+00,894.3200," ","61010005001001",0,0.0000,0,0.0000,,,,,," "," "
"610100001278","TAMARAS THINGS","867 29TH AVE","BOZEMAN","MT","59718","xxxxxx522","xxxxxx249",0,0,0,0,0.0000,0.0000,0.0000,0.00000000e+00,0.0000,0.0000000000000000e+00,0.0000000000000000e+00,0.0000," ","61010005002001",0,0.0000,0,0.0000,,,,,," "," "
"610100001287","MONTANA WINDS POTTERY","311 S MAIN STREET STE D","CONRAD","MT","59425","xxxxxx222","xxxxxx249",0,0,0,0,0.0000,0.0000,0.0000,0.00000000e+00,0.0000,0.0000000000000000e+00,0.0000000000000000e+00,9.9000," ","61010005003001",0,0.0000,0,0.0000,,,,,," "," "
"610100001296","LAW OFFICE OF J SCOTT MORSE ","9 NEWBURG AVE","CATONSVILLE","MD","21228","xxxxxx924","xxxxxx113",0,0,0,0,0.0000,0.0000,0.0000,0.00000000e+00,0.0000,0.0000000000000000e+00,0.0000000000000000e+00,16.1500," ","61010001002000",0,0.0000,0,0.0000,,,,,," "," "
"610100001312","TOWNSEND ROTARY CLUB","310 BROADWAY","TOWNSEND","MT","59644","xxxxxx964","xxxxxx104",0,0,0,0,0.0000,0.0000,0.0000,0.00000000e+00,0.0000,0.0000000000000000e+00,0.0000000000000000e+00,0.0000," ","61010001001000",0,0.0000,0,0.0000,,,,,," "," "
"610100001321","PROSPERA BUSINESS NETWORK","2015 CHARLOTTE STREET, SUITE 1","BOZEMAN","MT","59718","xxxxxx800","xxxxxx683",5,0,0,5,1815.0000,0.0000,0.0000,0.00000000e+00,0.0000,5.3009999999999998e+01,0.0000000000000000e+00,80.0900," ","61010001001000",0,0.0000,0,0.0000,,,,,," "," "
"610100001330","FOUR O SIX CHIX INC","207 W CALLENDER STE 201","LIVINGSTON","MT","59047","xxxxxx448","xxxxxx683",41,0,0,41,6800.0000,0.0000,0.0000,0.00000000e+00,0.0000,1.2673999999999999e+02,0.0000000000000000e+00,193.3900," ","61010001001000",0,0.0000,0,0.0000,,,,,," "," "
"610100001349","TENDERFOOT MOTEL AND CABINS","301 W MAIN STREET","WHITE SULPHUR SPRING","MT","59645","xxxxxx852","xxxxxx362",0,0,0,0,0.0000,0.0000,0.0000,0.00000000e+00,0.0000,0.0000000000000000e+00,0.0000000000000000e+00,31.1000," ","61010001002000",0,0.0000,0,0.0000,,,,,," "," "
"610100001358","MONTANA NONPROFIT ASSOCIATION","7 W 6TH AVE SUITE G WEST","HELENA","MT","59624","xxxxxx261","xxxxxx683",3,0,0,3,877.0000,0.0000,0.0000,0.00000000e+00,0.0000,1.9280000000000001e+01,0.0000000000000000e+00,38.9200," ","61010001001000",0,0.0000,0,0.0000,,,,,," "," "
"610100001367","WESTERN ORGANIZATION OF RESOUR","220 S 27TH ST B","BILLINGS","MT","59101","xxxxxx473","xxxxxx383",0,0,0,0,0.0000,0.0000,0.0000,0.00000000e+00,0.0000,0.0000000000000000e+00,0.0000000000000000e+00,19.9000," ","61010005001002",0,0.0000,0,0.0000,,,,,," "," "
"610100001376","WESTERN ORGANIZATION OF RESOUR","220 S. 27TH ST B","BILLINGS","MT","59101","xxxxxx884","xxxxxx383",14,0,0,14,911.4000,0.0000,0.0000,0.00000000e+00,0.0000,2.6320000000000000e+01,0.0000000000000000e+00,46.9200," ","61010005001002",0,0.0000,0,0.0000,,,,,," "," "
"610100001385","EARTH ELEMENTS - JACKSON","810 W BROADWAY","JACKSON","WY","83001","xxxxxx947","xxxxxx249",10,0,0,10,45153.6700,0.0000,0.0000,0.00000000e+00,0.0000,1.2100599999999999e+03,0.0000000000000000e+00,1463.4800," ","61010005002001",0,0.0000,0,0.0000,,,,,," "," "
"610100001394","BENEFITS CENTER","3101 N FEDERAL HWY SUITE 602","FORT LAUDERDALE","FL","33306","xxxxxx839","xxxxxx131",8153,383,0,8536,306744.9900,14943.8100,0.0000,5.00000007e-02,87983.9500,5.8350100000000002e+03,0.0000000000000000e+00,17621.7400," ","61010001003000",0,0.0000,0,0.0000,,,,,," "," "
"610100001401","BASS CLEF SCHOOL OF MUSIC LLC","205 9TH AVE S #104","GREAT FALLS","MT","59405","xxxxxx639","xxxxxx249",43,0,0,43,3896.7600,0.0000,0.0000,0.00000000e+00,0.0000,6.4230000000000004e+01,0.0000000000000000e+00,122.4400," ","61010005003002",0,0.0000,0,0.0000,,,,,," "," "
"610100001438","FRANCIS E. WARREN POST 1881 CH","2816 E 7TH ST","CHEYENNE","WY","82001","xxxxxx821","xxxxxx152",99,0,0,99,2127.7500,0.0000,0.0000,0.00000000e+00,0.0000,4.5149999999999999e+01,0.0000000000000000e+00,91.3900," ","61010001001000",0,0.0000,0,0.0000,,,,,," "," "
"610100001447","SELF GUIDED HUNTS LLC","13 SOUTH WILLSON #8","BOZEMAN","MT","59715","xxxxxx280","xxxxxx249",0,0,0,0,0.0000,0.0000,0.0000,0.00000000e+00,0.0000,0.0000000000000000e+00,0.0000000000000000e+00,11.1500," ","61010001001000",0,0.0000,0,0.0000,,,,,," "," "
"610100001456","TOWN PUMP CORP","600 S MAIN","BUTTE","MT","59701","xxxxxx328","xxxxxx019",70,0,0,70,21310.2700,0.0000,0.0000,0.00000000e+00,0.0000,3.9394000000000000e+02,0.0000000000000000e+00,557.7100," ","61010001001000",0,0.0000,0,0.0000,,,,,," "," "
"610100001465","RICHARD R HUBBARD ESQ","121 5TH AVE","KEY COLONY BEACH","FL","33051","xxxxxx124","xxxxxx311",0,0,0,0,0.0000,0.0000,0.0000,0.00000000e+00,0.0000,0.0000000000000000e+00,0.0000000000000000e+00,25.0000," ","61010001002000",0,0.0000,0,0.0000,,,,,," "," "
"610100001492","MOBILE SCREEN REPAIR LLC","456 JEFFERSON ST","MONUMENT","CO","80132","xxxxxx208","xxxxxx076",5,0,0,5,880.0000,0.0000,0.0000,0.00000000e+00,0.0000,1.2810000000000000e+01,0.0000000000000000e+00,43.1800," ","61010001002000",0,0.0000,0,0.0000,,,,,," "," "
"610100001508","WHITE BUFFALO TRADING CO","2534 MT HWY 28 #1","HOT SPRINGS","MT","59845","xxxxxx218","xxxxxx599",2,0,0,2,33.5000,0.0000,0.0000,0.00000000e+00,0.0000,9.2000000000000004e-01,0.0000000000000000e+00,20.8200," ","61010006001000",0,0.0000,0,0.0000,,,,,," "," "
"610100001517","STAGELINE PIZZA WHITE SULPHER","210 E MAIN STREET","WHITE SULPHUR SPRING","MT","59645","xxxxxx794","xxxxxx362",179,0,0,179,5889.4500,0.0000,0.0000,0.00000000e+00,0.0000,1.2068000000000001e+02,0.0000000000000000e+00,196.1300," ","61010001001000",0,0.0000,0,0.0000,,,,,," "," "
"610100001526","BELLS CUSTOM AUTOMOTIVE ","2549 ENTERPRISE AVE","BILLINGS","MT","59102","xxxxxx132","xxxxxx666",16,0,0,16,7821.3100,0.0000,0.0000,0.00000000e+00,0.0000,1.3258000000000001e+02,0.0000000000000000e+00,199.7500," ","61010005001001",0,0.0000,0,0.0000,,,,,," "," "
"610100001544","THURSTYHUFF INC","P.O. BOX 2154","GREAT FALLS","MT","59405","xxxxxx167","xxxxxx249",136,0,0,136,2402.7500,0.0000,0.0000,0.00000000e+00,0.0000,5.3509999999999998e+01,0.0000000000000000e+00,107.6700," ","61010005003001",0,0.0000,0,0.0000,"The Playground Lounge","2406 10th Ave S","Great Falls","MT","59405"," "," "
"610100001553","THURSTYHUFF INC","P.O. BOX 2154","GREAT FALLS","MT","59405","xxxxxx167","xxxxxx249",423,0,0,423,8791.5000,0.0000,0.0000,0.00000000e+00,0.0000,1.6818000000000001e+02,0.0000000000000000e+00,297.5100," ","61010005003001",0,0.0000,0,0.0000,"The Buffalo Saloon","2400 10th Ave S","Great Falls","MT","59405"," "," "
"610100001562","THURSTYHUFF INC","P.O. BOX 2154","GREAT FALLS","MT","59403","xxxxxx167","xxxxxx249",391,0,0,391,7818.2500,0.0000,0.0000,0.00000000e+00,0.0000,1.6203000000000000e+02,0.0000000000000000e+00,286.3500," ","61010005003001",0,0.0000,0,0.0000,"The Loading Zone","2412 10th Ave S","Great Falls","MT","59405"," "," "
"610100001571","PONDERA ARTS COUNCIL","P.O. BOX 564","CONRAD","MT","59425","xxxxxx584","xxxxxx249",16,0,0,16,244.2500,0.0000,0.0000,0.00000000e+00,0.0000,6.8600000000000003e+00,0.0000000000000000e+00,26.7600," ","61010005003001",0,0.0000,0,0.0000,,,,,," "," "
"610100001580","I LIFE AND HEALTH","1051 E PERRIN AVE","FRESNO","CA","93720","xxxxxx738","xxxxxx184",50,7,0,57,1362.4900,287.9400,0.0000,1.00000001e-01,601.6800,2.5430000000000000e+01,0.0000000000000000e+00,137.4200," ","61010001002000",0,0.0000,0,0.0000,,,,,," "," "
"610100001599","PJS CAFE","118 BROADWAY","HOT SPRINGS","MT","59845","xxxxxx629","xxxxxx599",98,0,0,98,1557.9800,0.0000,0.0000,0.00000000e+00,0.0000,4.4869999999999997e+01,0.0000000000000000e+00,100.5300," ","61010006001000",0,0.0000,0,0.0000,,,,,," "," "
"610100001606","FDAA","11615 CROSSROADS CIRCLE, SUITE M","MIDDLE RIVER","MD","21220","xxxxxx311","xxxxxx633",0,0,0,0,0.0000,0.0000,0.0000,1.00000000e+00,40711.0000,0.0000000000000000e+00,0.0000000000000000e+00,60.0000," ","61010001002000",0,0.0000,0,0.0000,,,,,," "," "
"610100001615","CUT BANK ELKS LODGE","PO 2117","CUT BANK","MT","59427","xxxxxx095","xxxxxx249",61,0,0,61,3326.5000,0.0000,0.0000,0.00000000e+00,0.0000,6.1100000000000001e+01,0.0000000000000000e+00,102.1900," ","61010005003001",0,0.0000,0,0.0000,,,,,," "," "
"610100001624","ANDERSON VISION PLLC","815 W COLLEGE ST. STE B","BOZEMAN","MT","59715","xxxxxx394","xxxxxx613",124,1,0,125,14892.0000,165.0000,0.0000,0.00000000e+00,0.0000,2.3516000000000000e+02,0.0000000000000000e+00,363.2900," ","61010001001000",0,0.0000,0,0.0000,,,,,," "," "
"610100001633","AMERICAS HEALTH GROUP","1600 S FEDERAL HWY SUITE 300","POMPANO BEACH","FL","33062","xxxxxx036","xxxxxx131",2731,188,0,2919,150733.8300,10590.8400,0.0000,5.00000007e-02,56914.8300,2.8318000000000002e+03,0.0000000000000000e+00,9065.5300," ","61010001002000",0,0.0000,0,0.0000,,,,,," "," "
"610100001642","BAKERS CUPBOARD-GALLERY","1616 MAIN STREET","MILES CITY","MT","59301","xxxxxx291","xxxxxx249",40,0,0,40,1820.0000,0.0000,0.0000,0.00000000e+00,0.0000,3.9680000000000000e+01,0.0000000000000000e+00,73.7200," ","61010005006001",0,0.0000,0,0.0000,,,,,," "," "
"610100001651","BAKERS CUPBOARD-EATERY","1616 MAIN STREET","MILES CITY","MT","59301","xxxxxx291","xxxxxx249",294,0,0,294,4191.8000,0.0000,0.0000,0.00000000e+00,0.0000,1.0834000000000000e+02,0.0000000000000000e+00,193.4700," ","61010005006001",0,0.0000,0,0.0000,,,,,," "," "
"610100001679","MIDDLE CREEK MONTESSORI","1572 COBB HILL ROAD","BOZEMAN","MT","59718","xxxxxx236","xxxxxx654",3,0,0,3,2240.0000,0.0000,0.0000,0.00000000e+00,0.0000,1.7370000000000001e+01,0.0000000000000000e+00,50.6500," ","61010001002000",0,0.0000,0,0.0000,,,,,," "," "
"610100001688","MIKES TRIM AND UPHOLSTERY","174 SHEPHERD TRAIL #A","BOZEMAN","MT","59718","xxxxxx213","xxxxxx683",6,0,0,6,1933.1100,0.0000,0.0000,0.00000000e+00,0.0000,0.0000000000000000e+00,5.2170000000000002e+01,65.7200," ","61010001001000",0,0.0000,0,0.0000,,,,,," "," "
"610100001697","LONE MOUNTAIN SPORTS","PO BOX 160130","BIG SKY","MT","59716","xxxxxx779","xxxxxx227",3164,100,0,3264,414041.0900,5724.7000,0.0000,0.00000000e+00,0.0000,8.3417900000000009e+03,0.0000000000000000e+00,10658.0100," ","61010001001000",0,0.0000,0,0.0000,,,,,," "," "
"610100001704","THREE FORKS SADDLERY","PO BOX 28","THREE FORKS","MT","59752","xxxxxx652","xxxxxx613",119,0,0,119,32952.5000,0.0000,0.0000,0.00000000e+00,0.0000,6.3927999999999997e+02,0.0000000000000000e+00,783.9100," ","61010001001000",0,0.0000,0,0.0000,,,,,," "," "
"610100001713","ELEVATED HARVEST","138 LOWER LUTHER ROAD","RED LODGE","MT","59068","xxxxxx949","xxxxxx249",2,0,0,2,135.0000,0.0000,0.0000,0.00000000e+00,0.0000,3.0000000000000000e+00,0.0000000000000000e+00,15.8000," ","61010001001000",0,0.0000,0,0.0000,,,,,," "," "
"610100001731","ABC LOGISTICS LLC","90 W MADISON STE 222","BELGRADE","MT","59714","xxxxxx781","xxxxxx249",0,0,0,0,0.0000,0.0000,0.0000,5.00000007e-02,278.8200,0.0000000000000000e+00,0.0000000000000000e+00,11.1500," ","61010001002000",0,0.0000,0,0.0000,,,,,," "," "
"610100001740","C A AUTO REPAIR","4297 COVER ST UNIT D","BOZEMAN","MT","59718","xxxxxx740","xxxxxx806",28,0,0,28,8516.0700,0.0000,0.0000,0.00000000e+00,0.0000,1.4630000000000001e+02,0.0000000000000000e+00,228.1200," ","61010001001000",0,0.0000,0,0.0000,,,,,," "," "
"610100001759","TOWN PUMP GREAT FALLS 7","600 S MAIN","BUTTE","MT","59405","xxxxxx328","xxxxxx019",8,0,518,526,67.3200,0.0000,4711.2600,0.00000000e+00,0.0000,1.0595000000000000e+02,0.0000000000000000e+00,186.8000," ","61010001001000",0,0.0000,0,0.0000,"Town Pump Great Falls 7","1411 10th Ave S","Great Falls","MT","59405"," "," "
"610100001777","TOWN PUMP PLAINS 2","600 S MAIN.","BUTTE","MT","59701","xxxxxx328","xxxxxx019",10,0,0,10,241.4300,0.0000,0.0000,0.00000000e+00,0.0000,4.3600000000000003e+00,0.0000000000000000e+00,28.9500," ","61010001001000",0,0.0000,0,0.0000,"Town Pump Plains 2","325 E Railroad Ave","Plains","MT","59859"," "," "
"610100001795","STEIN HAUS","711 1ST AVE N","GREAT FALLS","MT","59401","xxxxxx300","xxxxxx249",804,0,0,804,23628.5600,0.0000,0.0000,0.00000000e+00,0.0000,4.6632999999999998e+02,0.0000000000000000e+00,738.1000," ","61010005003001",0,0.0000,0,0.0000,,,,,," "," "
"610100001811","THE PATTERSON COMPANY","4405 NORTH STAR BLVD","GREAT FALLS","MT","59405","xxxxxx595","xxxxxx249",0,0,0,0,0.0000,0.0000,0.0000,0.00000000e+00,0.0000,0.0000000000000000e+00,0.0000000000000000e+00,4.9500," ","61010005003002",0,0.0000,0,0.0000,,,,,," "," "
"610100001839","QUALITY SEPTIC AND SEWER ","PO 824","MILES CITY","MT","59301","xxxxxx586","xxxxxx249",3,0,0,3,5692.4500,0.0000,0.0000,0.00000000e+00,0.0000,1.5253999999999999e+02,0.0000000000000000e+00,201.5300," ","61010005006001",0,0.0000,0,0.0000,,,,,," "," "
"610100001848","DEER VALLEY GOLF COURSE","5357 EAST 300 SOUTH","FRANKLIN","IN","46131","xxxxxx010","xxxxxx657",41,0,0,41,2086.0000,0.0000,0.0000,0.00000000e+00,0.0000,3.6460000000000001e+01,0.0000000000000000e+00,67.2600," ","61010001001000",0,0.0000,0,0.0000,,,,,," "," "
"610100001857","ANDRES TAXIDERMY","2950 OUTLAW LN","BELGRADE","MT","59714","xxxxxx810","xxxxxx613",18,1,0,19,6128.7300,316.0000,0.0000,0.00000000e+00,0.0000,1.6281000000000000e+02,0.0000000000000000e+00,269.4800," ","61010001002000",0,0.0000,0,0.0000,,,,,," "," "
"610100001866","FLAT FOOD","722 2ND STREET S","GREAT FALLS","MT","59405","xxxxxx734","xxxxxx249",493,0,0,493,11909.4800,0.0000,0.0000,0.00000000e+00,0.0000,2.7150000000000000e+02,0.0000000000000000e+00,437.6900," ","61010005003001",0,0.0000,0,0.0000,,,,,," "," "
"610100001875","SHIAZOSTEAMSTONES.COM","130 MCCORMICK AVE, SUITE 108","COSTA MESA","CA","92626","xxxxxx943","xxxxxx821",669,4,0,673,75307.9000,1414.2100,0.0000,5.00000007e-02,119.0000,5.5530600000000004e+03,0.0000000000000000e+00,5947.9100," ","61010001002000",0,0.0000,0,0.0000,,,,,," "," "
"610100001884","CUT BANK GOLF AND COUNTRY CLUB","71 GOLD COURSE RD","CUT BANK","MT","59427","xxxxxx063","xxxxxx249",14,0,0,14,262.2500,0.0000,0.0000,0.00000000e+00,0.0000,7.0700000000000003e+00,0.0000000000000000e+00,22.0900," ","61010005003001",0,0.0000,0,0.0000,,,,,," "," "
"610100001893","RAINEY DAY AUTO REPAIR LLC","PO BOX 1215","MILES CITY","MT","59301","xxxxxx492","xxxxxx249",24,0,0,24,7871.7000,0.0000,0.0000,0.00000000e+00,0.0000,1.6309000000000000e+02,0.0000000000000000e+00,233.6100," ","61010005003001",0,0.0000,0,0.0000,"Rainey Day Auto Repair LLC","2713 Bridge St.","Miles City","MT","59301"," "," "
"610100001919","JJS LAW LLP","695 TOWN CENTER DR","COSTA MESA","CA","92626","xxxxxx098","xxxxxx131",59,0,0,59,48210.0000,0.0000,0.0000,0.00000000e+00,0.0000,4.1724000000000001e+02,0.0000000000000000e+00,1009.1600," ","61010001002000",0,0.0000,0,0.0000,,,,,," "," "
"610100001928","ROBUST PROMOTIONS LLC","120 S EUCLID AVE","VILLA PARK","IL","60181","xxxxxx933","xxxxxx661",0,0,0,0,0.0000,0.0000,0.0000,0.00000000e+00,0.0000,0.0000000000000000e+00,0.0000000000000000e+00,0.0000," ","61010001002000",0,0.0000,0,0.0000,,,,,," "," "
"610100001937","MAGAZINE DIRECT","40 W. BASELINE RD STE 214","TEMPE","AZ","85283","xxxxxx467","xxxxxx076",560,37,0,597,20821.2500,1393.9900,0.0000,1.00000001e-01,4181.9200,0.0000000000000000e+00,1.2773299999999999e+03,2059.0000," ","61010001002000",0,0.0000,0,0.0000,,,,,," "," "
"610100001946","BOXWOODS","828 GREAT NORTHERN BLVD","HELENA","MT","59602","xxxxxx309","xxxxxx249",28,0,0,28,14975.4500,0.0000,0.0000,0.00000000e+00,0.0000,3.5019999999999999e+02,0.0000000000000000e+00,475.3800," ","61010005004001",0,0.0000,0,0.0000,,,,,," "," "
"610100001955","AMERICAS TRUST INC","1291 SW 29TH AVE STE C","POMPANO BEACH","FL","33069","xxxxxx066","xxxxxx326",1246,99,0,1345,46193.8400,3683.1200,0.0000,2.00000003e-01,7403.7100,8.6829999999999995e+02,0.0000000000000000e+00,3087.6900," ","61010001002000",0,0.0000,0,0.0000,,,,,," "," "
"610100001991","THE AQUARIUM","7001 JACKRABBIT LN UNIT H","BELGRADE","MT","59714","xxxxxx695","xxxxxx249",197,0,0,197,7320.0000,0.0000,0.0000,0.00000000e+00,0.0000,1.4024000000000001e+02,0.0000000000000000e+00,225.8100," ","61010005002001",0,0.0000,0,0.0000,,,,,," "," "
"610100002008","MONTANA MOBILE MOUNTAIN COOLIN","97 A 8TH ST","BELGRADE","MT","59714","xxxxxx370","xxxxxx613",2,0,0,2,4540.4000,0.0000,0.0000,0.00000000e+00,0.0000,0.0000000000000000e+00,1.7027000000000001e+02,180.2700," ","61010001001000",0,0.0000,0,0.0000,,,,,," "," "
"610100002017","MINGS GARDEN","3212 10TH AVE SOUTH","GREAT FALLS","MT","59405","xxxxxx947","xxxxxx249",221,0,0,221,6871.5400,0.0000,0.0000,0.00000000e+00,0.0000,1.2706000000000000e+02,0.0000000000000000e+00,219.7300," ","61010005003001",0,0.0000,0,0.0000,,,,,," "," "
"610100002026","LIBERTY ELECTRIC INC","9660 SUMMIT DRIVE","MISSOULA","MT","59808","xxxxxx229","xxxxxx249",32,0,0,32,17844.6300,0.0000,0.0000,0.00000000e+00,0.0000,4.7917000000000002e+02,0.0000000000000000e+00,642.3300," ","61010005007001",0,0.0000,0,0.0000,,,,,," "," "
"610100002035","METRO AUTO PDR","3510 10TH AVE S","GREAT FALLS","MT","59405","xxxxxx056","xxxxxx249",3,0,0,3,2148.3500,0.0000,0.0000,0.00000000e+00,0.0000,9.1099999999999994e+00,0.0000000000000000e+00,34.6600," ","61010005003001",0,0.0000,0,0.0000,,,,,," "," "
"610100002044","HELENA INDUSTRIES E-COMMERCE","1325 HELENA AVE","HELENA","MT","59601","xxxxxx532","xxxxxx278",0,0,0,0,0.0000,0.0000,0.0000,0.00000000e+00,0.0000,0.0000000000000000e+00,0.0000000000000000e+00,11.9500," ","61010001002000",0,0.0000,0,0.0000,,,,,," "," "
"610100002053","T L WILLIAMS ACADEMY OF DANCE ","4104 ELVIS PRESLEY BLVD, SUITE A","MEMPHIS","TN","38116","xxxxxx820","xxxxxx017",51,0,0,51,6464.5000,0.0000,0.0000,0.00000000e+00,0.0000,8.4180000000000007e+01,0.0000000000000000e+00,173.2100," ","61010001002000",0,0.0000,0,0.0000,,,,,,"EFFCT RATE","2.68%"
"610100002080","NORTHWEST ART CASTING","4188 BOZEMAN TRAIL RD","BOZEMAN","MT","59715","xxxxxx457","xxxxxx142",0,0,0,0,0.0000,0.0000,0.0000,0.00000000e+00,0.0000,0.0000000000000000e+00,0.0000000000000000e+00,16.6900," ","61010001002000",0,0.0000,0,0.0000,,,,,," "," "
"610100002099","LIQUID LUBE AND WASH INC SHOP","13624 BOOKER T WASHINGTON HWY","MONETA","VA","24121","xxxxxx115","xxxxxx027",364,1,0,365,26042.2100,43.0000,0.0000,0.00000000e+00,0.0000,4.1738999999999999e+02,0.0000000000000000e+00,711.1400," ","61010001001000",0,0.0000,0,0.0000,,,,,," "," "
"610100002106","LIQUID LUBE AND WASH INC WASH","13624 BOOKER T WASHINGTON HWY","MONETA","VA","24121","xxxxxx115","xxxxxx027",0,0,0,0,0.0000,0.0000,0.0000,0.00000000e+00,0.0000,0.0000000000000000e+00,0.0000000000000000e+00,1.2500," ","61010001001000",0,0.0000,0,0.0000,,,,,," "," "
"610100002115","SILENT KNIGHT EXHAUST","630 EAST COTTONWOOD ST","BOZEMAN","MT","59715","xxxxxx363","xxxxxx654",28,0,0,28,9330.0000,0.0000,0.0000,0.00000000e+00,0.0000,1.5546000000000001e+02,0.0000000000000000e+00,197.3500," ","61010001001000",0,0.0000,0,0.0000,,,,,," "," "
"610100002124","NATIVE PAINT","231 WHITE EAGLE ROAD","HARLEM","MT","59526","xxxxxx883","xxxxxx249",9,0,0,9,3000.0300,0.0000,0.0000,0.00000000e+00,0.0000,6.4939999999999998e+01,0.0000000000000000e+00,104.7800," ","61010005003002",0,0.0000,0,0.0000,,,,,," "," "
"610100002133","KEYSTONE LASER WASH","2205 CONWAY","MISSION","TX","78573","xxxxxx968","xxxxxx687",0,0,0,0,0.0000,0.0000,0.0000,0.00000000e+00,0.0000,0.0000000000000000e+00,0.0000000000000000e+00,-998.7500," ","61010001001000",0,0.0000,0,0.0000,,,,,," "," "
"610100002142","EAGLE EYE ANTIQUES","222 A MAIN STREET","POLSON","MT","59860","xxxxxx715","xxxxxx395",1,0,0,1,80.0000,0.0000,0.0000,0.00000000e+00,0.0000,9.4999999999999996e-01,0.0000000000000000e+00,12.9700," ","61010001001000",0,0.0000,0,0.0000,,,,,," "," "
"610100002151","OVERSUN TRAVEL AGENCY","937 S ALVARADO ST STE 1F","LOS ANGELES","CA","90006","xxxxxx643","xxxxxx358",0,0,0,0,0.0000,0.0000,0.0000,5.00000007e-02,0.0000,0.0000000000000000e+00,0.0000000000000000e+00,6.2500," ","61010001001000",0,0.0000,0,0.0000,,,,,," "," "
"610100002160","STUDENTDEBTADVISOR.ORG","8010 THIRTEENTH AVENUE","BROOKLYN","NY","11228","xxxxxx351","xxxxxx021",128,4,0,132,21234.5700,629.0200,0.0000,1.00000001e-01,2078.0300,0.0000000000000000e+00,9.6252999999999997e+02,1158.3300," ","61010001002000",0,0.0000,0,0.0000,,,,,," "," "
"610100002179","VIP 4 U LLC","1120 E 80ST SUITE 200","BLOOMINGTON","MN","55420","xxxxxx838","xxxxxx019",3,0,0,3,9040.0000,0.0000,0.0000,0.00000000e+00,0.0000,2.1500999999999999e+02,0.0000000000000000e+00,299.7400," ","61010001002000",0,0.0000,0,0.0000,,,,,," "," "
"610100002188","ELITE ARMORY","3636 CASTRO VALLEY BLVD #1","CASTRO VALLEY","CA","94546","xxxxxx573","xxxxxx676",256,5,0,261,79686.5200,522.0600,0.0000,0.00000000e+00,0.0000,1.1596099999999999e+03,0.0000000000000000e+00,1516.2800," ","61010001001000",0,0.0000,0,0.0000,,,,,," "," "
"610100002197","FULL SPEED WEB THEMES","8552 SOUTH PECOS ROAD SUITE 7-122","LAS VEGAS","NV","89120","xxxxxx905","xxxxxx545",283,9,0,292,21182.5100,692.6100,0.0000,1.00000001e-01,1093.9700,0.0000000000000000e+00,1.2995899999999999e+03,1960.0100," ","61010001002000",0,0.0000,0,0.0000,,,,,," "," "
"610100002213","INFINITE ACCOUNTANT LLC","7726 W WINSTON WAY","FRANKLIN","WI","53132","xxxxxx350","xxxxxx019",23,3,0,26,33746.8900,5863.3300,0.0000,1.00000000e+00,1920.1300,0.0000000000000000e+00,2.8736500000000001e+03,3080.5200," ","61010001002000",0,0.0000,0,0.0000,,,,,," "," "
"610100002222","STAND SURE CREDIT COUNSELING","124 OAKRIDGE DRIVE","ONEONTA","AL","35121","xxxxxx055","xxxxxx690",136,0,0,136,4794.4500,0.0000,0.0000,1.50000006e-01,719.1500,0.0000000000000000e+00,1.0427000000000000e+02,210.1900," ","61010001002000",0,0.0000,0,0.0000,,,,,," "," "
"610100002259","CHILDRENS MUSEUM BOZEMAN","202 S WILLSON AVE","BOZEMAN","MT","59715","xxxxxx803","xxxxxx654",180,1,0,181,6422.5000,50.0000,0.0000,0.00000000e+00,0.0000,1.2620000000000000e+02,0.0000000000000000e+00,233.9200," ","61010001001000",0,0.0000,0,0.0000,,,,,," "," "
"610100002286","FOUR CORNERS WATER AND SEWER ","495 QUAIL RUN ROAD","BOZEMAN","MT","59718","xxxxxx562","xxxxxx654",1,0,0,1,1.0000,0.0000,0.0000,0.00000000e+00,0.0000,4.0000000000000001e-02,0.0000000000000000e+00,22.6600," ","61010001002000",0,0.0000,0,0.0000,,,,,," "," "
"610100002302","MONTANA CANDLEWORKS","435 SOUTH ATLANTIC STREET","DILLON","MT","59725","xxxxxx507","xxxxxx249",110,0,0,110,2679.2400,0.0000,0.0000,0.00000000e+00,0.0000,7.6620000000000005e+01,0.0000000000000000e+00,121.0300," ","61010001001000",0,0.0000,0,0.0000,,,,,," "," "
"610100002311","RETHINK DENTISTRY","438 E MENDENHALL ST # 1","BOZEMAN","MT","59715","xxxxxx649","xxxxxx683",35,0,0,35,10321.6100,0.0000,0.0000,0.00000000e+00,0.0000,1.6872000000000000e+02,0.0000000000000000e+00,227.6000," ","61010001001000",0,0.0000,0,0.0000,,,,,," "," "
"610100002320","STAGE TO SELL NOW","4524 RANGEVIEW DR","BILLINGS","MT","59106","xxxxxx625","xxxxxx249",1,0,0,1,1.0000,0.0000,0.0000,0.00000000e+00,0.0000,1.6000000000000000e-01,0.0000000000000000e+00,23.8400," ","61010005001001",0,0.0000,0,0.0000,,,,,," "," "
"610100002339","TARYAG LLC","1163 RIVER PARK","SAN ANTONIO","TX","78216","xxxxxx431","xxxxxx025",1,0,0,1,1.0000,0.0000,0.0000,0.00000000e+00,0.0000,2.7000000000000002e-01,0.0000000000000000e+00,10.3500," ","61010001002000",0,0.0000,0,0.0000,,,,,," "," "
"610100002357","OFF THE CUFF CLEANERS BELGRADE","212 W MAIN STREET STE 1","BELGRADE","MT","59714","xxxxxx100","xxxxxx747",76,1,0,77,2970.9400,0.0100,0.0000,0.00000000e+00,0.0000,5.6960000000000001e+01,0.0000000000000000e+00,82.3800," ","61010001001000",0,0.0000,0,0.0000,,,,,," "," "
"610100002366","OFF THE CUFF CLEANERS LIVINGST","322 E PARK ST","LIVINGSTON","MT","59047","xxxxxx100","xxxxxx747",16,0,0,16,269.6000,0.0000,0.0000,0.00000000e+00,0.0000,6.5499999999999998e+00,0.0000000000000000e+00,12.0200," ","61010001001000",0,0.0000,0,0.0000,,,,,," "," "
"610100002375","OFF THE CUFF CLEANERS BOZEMAN ","1735 W OAK ST STE C","BOZEMAN","MT","59715","xxxxxx100","xxxxxx747",112,0,0,112,3667.5100,0.0000,0.0000,0.00000000e+00,0.0000,6.7010000000000005e+01,0.0000000000000000e+00,99.7900," ","61010001001000",0,0.0000,0,0.0000,,,,,," "," "
"610100002384","EISELES CUSTOM FOOTWEAR","2916 2ND AVE N","BILLINGS","MT","59101","xxxxxx845","xxxxxx861",9,0,0,9,710.5000,0.0000,0.0000,0.00000000e+00,0.0000,1.0970000000000001e+01,0.0000000000000000e+00,18.8600," ","61010001001000",0,0.0000,0,0.0000,,,,,," "," "
"610100002400","BELGRADE TACO TIME","100 W MADISON AVE","BELGRADE","MT","59714","xxxxxx776","xxxxxx683",1164,0,0,1164,12501.2800,0.0000,0.0000,0.00000000e+00,0.0000,3.4919999999999999e+02,0.0000000000000000e+00,669.0400," ","61010001001000",0,0.0000,0,0.0000,,,,,," "," "
"610100002419","JEWELRY STUDIO","862 HARMON STREAM BLVD # 102","BOZEMAN","MT","59718","xxxxxx915","xxxxxx613",0,0,0,0,0.0000,0.0000,0.0000,0.00000000e+00,0.0000,0.0000000000000000e+00,0.0000000000000000e+00,13.0600," ","61010001001000",0,0.0000,0,0.0000,,,,,," "," "
"610100002507","A2Z ENTERPRISE INCORPORATED","3312 HULL AVE STE 5DN","BRONX","NY","10467","xxxxxx684","xxxxxx090",0,0,0,0,0.0000,0.0000,0.0000,1.00000001e-01,0.0000,0.0000000000000000e+00,0.0000000000000000e+00,208.9000," ","61010001002000",0,0.0000,0,0.0000,,,,,," "," "
"610100002534","FIRST WEB PRO","1790 STANHOPE CT","THOUSAND OAKS","CA","91361","xxxxxx483","xxxxxx358",16,0,0,16,9691.0000,0.0000,0.0000,1.00000001e-01,639.4000,0.0000000000000000e+00,7.5129999999999995e+02,991.8300," ","61010001002000",0,0.0000,0,0.0000,,,,,," "," "
"610100002543","CROSS PETROLEUM SERVICE","PO BOX 1388","GLENDIVE","MT","59330","xxxxxx899","xxxxxx249",0,0,0,0,0.0000,0.0000,0.0000,0.00000000e+00,0.0000,0.0000000000000000e+00,0.0000000000000000e+00,26.4500," ","61010001001000",0,0.0000,0,0.0000,"MTD Cross Petroleum Terry","18087 Conestoga Ln","Chino Hills","CA","91709"," "," "
"610100002570","SWAN RIVER INN","360 GRAND DR","BIGFORK","MT","59911","xxxxxx917","xxxxxx683",0,0,0,0,0.0000,0.0000,0.0000,0.00000000e+00,0.0000,0.0000000000000000e+00,0.0000000000000000e+00,15.5900," ","61010001001000",0,0.0000,0,0.0000,,,,,," "," "
"610100002589","MYSTIC MOUNTAIN","15 S BROADWAY AVE","RED LODGE","MT","59068","xxxxxx940","xxxxxx683",0,0,0,0,0.0000,0.0000,0.0000,0.00000000e+00,0.0000,0.0000000000000000e+00,0.0000000000000000e+00,35.4700," ","61010001001000",0,0.0000,0,0.0000,,,,,," "," "
"610100002641","MISSION MOUNTAIN COUNTRY CLUB","640 STAGECOACH TRAIL","RONAN","MT","59864","xxxxxx140","xxxxxx599",10,0,0,10,4140.0000,0.0000,0.0000,0.00000000e+00,0.0000,7.7359999999999999e+01,0.0000000000000000e+00,125.9300," ","61010006001000",0,0.0000,0,0.0000,,,,,," "," "
"610100002650","BUCKS SPORTING GOODS ","26 1ST ST NE","CHOTEAU","MT","59422","xxxxxx196","xxxxxx613",0,0,0,0,0.0000,0.0000,0.0000,0.00000000e+00,0.0000,0.0000000000000000e+00,0.0000000000000000e+00,20.4900," ","61010005003001",0,0.0000,0,0.0000,,,,,," "," "
"610100002696","BILLINGS CHRISTIAN SCHOOL EDUC","3031 GRAND AVENUE SUITE 100-106","BILLINGS","MT","59102","xxxxxx098","xxxxxx249",0,0,0,0,0.0000,0.0000,0.0000,0.00000000e+00,0.0000,0.0000000000000000e+00,0.0000000000000000e+00,115.7600," ","61010003001000",0,0.0000,0,0.0000,,,,,," "," "
"610100002712","SPRINGFEST AUCTION","P O BOX 1016","MILES CITY","MT","59301","xxxxxx261","xxxxxx249",0,0,0,0,0.0000,0.0000,0.0000,0.00000000e+00,0.0000,0.0000000000000000e+00,0.0000000000000000e+00,18.9400," ","61010001001000",0,0.0000,0,0.0000,,,,,," "," "
"610100002721","BIG GUY BBQ","5306 LARIMER LN","BILLINGS","MT","59105","xxxxxx465","xxxxxx278",0,0,0,0,0.0000,0.0000,0.0000,0.00000000e+00,0.0000,0.0000000000000000e+00,0.0000000000000000e+00,0.4800," ","61010005001001",0,0.0000,0,0.0000,,,,,," "," "
"610100002767","DAVES WELDING AND REPAIR INC","2601 WISE LN","BILLINGS","MT","59101","xxxxxx316","xxxxxx249",1,0,0,1,0.0100,0.0000,0.0000,0.00000000e+00,0.0000,8.9999999999999997e-02,0.0000000000000000e+00,8.7400," ","61010005001001",0,0.0000,0,0.0000,,,,,," "," "
"610100002776","NORMONT EQUIPMENT COMPANY","1157 WIRE MILL RD","BLACK EAGLE","MT","59414","xxxxxx129","xxxxxx249",0,0,0,0,0.0000,0.0000,0.0000,0.00000000e+00,0.0000,0.0000000000000000e+00,0.0000000000000000e+00,7.7200," ","61010005003001",0,0.0000,0,0.0000,,,,,," "," "
